step,energy_ry
1,-8185.00226313
2,-8185.01844163
3,-8185.02674256
4,-8185.02917909
5,-8185.03096316
6,-8185.03318077
7,-8185.03481485
