step,energy_ry
1,-8185.00226313
2,-8185.01844163
3,-8185.02674256
4,-8185.02917909
5,-8185.03096316
6,-8185.03318077
7,-8185.03481485
8,-8185.0365361
9,-8185.03818483
10,-8185.03955955
11,-8185.04063116
12,-8185.04172628
13,-8185.04269216
14,-8185.04340605
