step,energy_ry
1,-8185.00226313
2,-8185.01844164
3,-8185.02674348
4,-8185.02917968
