step,total_force_ry_bohr
1,0.160077
2,0.088266
3,0.049363
4,0.039132
5,0.035098
6,0.032236
7,0.031427
