step,total_force_ry_bohr
1,0.160077
2,0.088266
3,0.049363
4,0.039132
5,0.035098
6,0.032236
7,0.031427
8,0.031982
9,0.033592
10,0.029833
11,0.024731
12,0.024407
13,0.022506
14,0.019704
