step,energy_ry
1,-7242.01124201
2,-7242.01237953
3,-7242.0131435
4,-7242.0136285
5,-7242.0137008
6,-7242.01378158
