step,energy_ry
1,-7242.01124201
2,-7242.01237953
