step,energy_ry
1,-7242.01124201
2,-7242.01237953
3,-7242.0131435
4,-7242.0136285
5,-7242.0137008
6,-7242.01378158
7,-7242.01385216
8,-7242.01388812
9,-7242.01391539
10,-7242.01393759
11,-7242.01395309
12,-7242.01396424
13,-7242.01397543
14,-7242.01398845
