step,total_force_ry_bohr
1,0.036541
2,0.025811
3,0.016086
4,0.007311
5,0.006681
6,0.00586
