step,total_force_ry_bohr
1,0.036541
2,0.025811
3,0.016086
