step,energy_ry
1,-6579.18529656
2,-6579.38497635
3,-6579.5541564
