step,energy_ry
1,-6578.79058089
2,-6579.03218224
3,-6579.22823762
