step,energy_ry
1,-6578.59265204
2,-6578.96879624
