step,energy_ry
1,-6579.25661816
2,-6579.36047814
