step,energy_ry
1,-6578.79058089
2,-6579.03218224
3,-6579.22823762
4,-6579.34558786
5,-6579.42173707
6,-6579.53582752
7,-6579.59990725
8,-6579.6410117
9,-6579.66076268
10,-6579.67414801
11,-6579.68803618
