step,energy_ry
1,-6579.25661816
2,-6579.36047814
3,-6579.44871311
4,-6579.51003364
5,-6579.54439481
