step,energy_ry
1,-6579.25661816
2,-6579.36047814
3,-6579.44871311
4,-6579.51003364
5,-6579.54439481
6,-6579.58966193
7,-6579.62439517
8,-6579.65836427
9,-6579.69301646
10,-6579.72035499
11,-6579.7200026
12,-6579.72440448
13,-6579.7351683
14,-6579.74490111
