step,energy_ry
1,-6579.18529656
2,-6579.38497635
3,-6579.5541564
4,-6579.62749377
5,-6579.67754843
