step,total_force_ry_bohr
1,0.53482
2,0.342934
3,0.282014
4,0.205988
5,0.156031
6,0.133094
7,0.116396
8,0.065916
9,0.068538
10,0.052542
11,0.046366
12,0.049338
13,0.054898
14,0.058874
15,0.062258
16,0.045328
17,0.039672
