step,total_force_ry_bohr
1,1.292977
2,1.302163
3,0.503022
4,0.293162
