step,total_force_ry_bohr
1,1.434614
2,1.398372
3,0.511884
