step,total_force_ry_bohr
1,0.53482
2,0.342934
3,0.282014
4,0.205988
5,0.156031
6,0.133094
7,0.116396
8,0.065916
