step,total_force_ry_bohr
1,1.292977
2,1.302163
3,0.503022
4,0.293162
5,0.461918
6,0.389256
7,0.247915
8,0.146324
9,0.123141
10,0.094851
11,0.082122
12,0.085944
13,0.090911
14,0.088247
15,0.079946
