step,total_force_ry_bohr
1,0.357953
2,0.308845
3,0.298753
4,0.312146
