step,total_force_ry_bohr
1,0.357953
2,0.308845
3,0.298753
4,0.312146
5,0.162721
6,0.192043
7,0.289265
8,0.254858
