step,energy_ry
5,-14482.56446219
10,-14482.56446577
29,-14482.56446747
27,-14482.56446798
22,-14482.56446943
25,-14482.56447071
26,-14482.56447205
