step,energy_ry
1,-14482.56300075
2,-14482.56312753
