step,energy_ry
1,-14482.56446219
2,-14482.56446577
