step,energy_ry
1,-14482.56300075
2,-14482.56312753
3,-14482.56324831
4,-14482.56340232
5,-14482.56359034
6,-14482.56379691
7,-14482.56398469
8,-14482.56409123
