step,energy_ry
1,-14482.56446219
2,-14482.56446577
3,-14482.56446747
4,-14482.56446798
