step,energy_ry
5,-10056.91048776
16,-10056.91052652
27,-10056.9105614
26,-10056.9106042
30,-10056.9106555
29,-10056.91071201
34,-10056.91076411
30,-10056.91079669
