step,energy_ry
5,-10056.91048776
16,-10056.91052652
27,-10056.9105614
