step,gradient_error_ry_bohr
1,0.0017
2,0.0015
3,0.0014
4,0.0012
5,0.00091
6,0.00089
7,0.0014
8,0.0014
9,0.0013
