step,gradient_error_ry_bohr
1,0.00028
2,0.00035
3,0.00018
4,0.00017
5,0.00013
