step,gradient_error_ry_bohr
5,0.00028
10,0.00035
29,0.00018
27,0.00017
22,0.00013
25,0.0001
26,7.8e-05
