step,gradient_error_ry_bohr
5,0.001
16,0.00099
27,0.00086
26,0.00075
30,0.00058
29,0.00061
34,0.00094
30,0.00099
34,0.0009
35,0.00046
