step,gradient_error_ry_bohr
5,0.001
16,0.00099
27,0.00086
26,0.00075
30,0.00058
