step,scf_accuracy_ry
1,0.00062371
2,0.00661603
3,0.00013906
4,5.289e-05
5,1.3e-07
1,0.00010754
2,0.00120202
3,0.00091026
4,1.886e-05
5,6.87e-06
6,3.63e-06
7,1.52e-06
8,1.29e-06
9,7.8e-07
10,7e-07
11,8.9e-07
12,3.1e-07
13,9e-07
14,2.1e-07
