step,scf_accuracy_ry
1,42.66207986
2,53.63804974
3,26.57746241
4,27.51897093
5,103.9540908
6,12.77464076
7,12.2206791
8,10.11355558
9,3.19056367
10,1.61647149
11,1.00687548
12,1.06082305
13,0.11624087
14,0.04120209
15,0.06468362
16,0.0547245
17,0.01801706
18,0.01302779
19,0.02993297
20,0.01244962
21,0.00534541
22,0.00776582
23,0.00356499
24,0.00293795
25,0.00183648
26,0.00169564
27,0.00413804
28,0.00103473
