step,scf_accuracy_ry
1,42.66207986
2,159.540587
3,23.40525745
4,37.0902225
5,338.76028102
6,19.71752437
7,24.14274491
