step,total_force_ry_bohr
5,0.002053
10,0.002404
29,0.001284
27,0.001256
22,0.001038
25,0.000796
26,0.000485
