step,total_force_ry_bohr
5,0.006573
16,0.005928
27,0.004854
26,0.004193
30,0.003678
29,0.003783
34,0.004828
30,0.005106
34,0.004824
35,0.002973
