step,total_force_ry_bohr
1,0.002053
2,0.002404
3,0.001284
