step,total_force_ry_bohr
5,0.006573
16,0.005928
27,0.004854
