step,total_force_ry_bohr
5,0.006573
16,0.005928
27,0.004854
26,0.004193
30,0.003678
29,0.003783
