step,total_force_ry_bohr
1,0.011631
2,0.010304
3,0.009171
4,0.007871
5,0.006834
6,0.006803
7,0.008584
8,0.009309
9,0.00859
10,0.005167
