step,total_force_ry_bohr
1,0.002053
2,0.002404
3,0.001284
4,0.001256
5,0.001038
