step,total_force_ry_bohr
1,0.011631
2,0.010304
3,0.009171
4,0.007871
5,0.006834
