step,energy_ry
3,-11770.57453676
9,-11770.57455605
26,-11770.57457306
25,-11770.57459117
