step,gradient_error_ry_bohr
3,0.00097
9,0.0012
26,0.00077
25,0.00081
25,0.00098
28,0.00098
31,0.00088
32,0.00075
29,0.00053
31,0.001
30,0.00099
33,0.0008
32,0.00076
31,0.00055
32,0.00062
29,0.00077
33,0.00056
