step,scf_accuracy_ry
1,3.11e-06
2,3.721e-05
3,6e-08
1,0.00011789
2,0.0003872
3,8.416e-05
4,2.02e-06
5,1.64e-06
6,1.37e-06
7,2.3e-06
8,7.3e-07
9,1.8e-07
1,3.728e-05
2,0.00013659
3,2.826e-05
4,1.73e-06
5,1.4e-06
6,1.54e-06
