step,total_force_ry_bohr
3,0.004777
9,0.004002
26,0.003141
25,0.002828
25,0.002938
28,0.003441
31,0.00411
32,0.004105
29,0.003672
31,0.003831
30,0.003826
