step,total_force_ry_bohr
3,0.004777
9,0.004002
26,0.003141
25,0.002828
25,0.002938
28,0.003441
31,0.00411
32,0.004105
29,0.003672
31,0.003831
30,0.003826
33,0.003558
32,0.003196
31,0.00298
32,0.003073
29,0.003081
33,0.002746
30,0.002558
