step,energy_ry
1,-7385.40254241
2,-7385.40762005
