step,energy_ry
1,-3763.84349894
2,-3763.84357943
3,-3763.84366206
4,-3763.84373286
5,-3763.84380964
6,-3763.84390075
7,-3763.84394554
8,-3763.84401139
9,-3763.84405766
10,-3763.84411271
11,-3763.84418726
12,-3763.84424435
