step,energy_ry
1,-3764.04498144
2,-3764.07204759
3,-3764.09639659
4,-3764.12741545
5,-3764.16526658
6,-3764.20671089
