step,energy_ry
1,-3764.04498144
2,-3764.07204759
3,-3764.09639659
4,-3764.12741545
5,-3764.16526658
6,-3764.20671089
7,-3764.24221682
8,-3764.2596359
9,-3764.28382581
10,-3764.30536941
11,-3764.31204637
12,-3764.31664049
13,-3764.32273037
14,-3764.32970736
15,-3764.33694419
