step,energy_ry
1,-3763.75888151
2,-3763.76440369
3,-3763.77087857
4,-3763.77460016
5,-3763.77756907
6,-3763.78063597
