step,energy_ry
1,-3763.75888149
2,-3763.7643363
3,-3763.7706901
4,-3763.77426506
