step,energy_ry
1,-3763.75888151
2,-3763.76440369
3,-3763.77087857
4,-3763.77460016
5,-3763.77756907
6,-3763.78063597
7,-3763.78337956
8,-3763.78593089
9,-3763.78787503
10,-3763.78947169
11,-3763.79077656
12,-3763.79216649
13,-3763.79384662
