step,energy_ry
1,-3763.84349894
2,-3763.84357943
3,-3763.84366206
