step,energy_ry
1,-3763.7526518
2,-3763.75955394
3,-3763.76746482
4,-3763.7709222
5,-3763.77344504
