step,energy_ry
1,-3764.04498144
2,-3764.07204759
3,-3764.09639659
