step,energy_ry
1,-3763.75888151
2,-3763.76434015
