step,energy_ry
1,-3763.75888149
2,-3763.7643363
3,-3763.7706901
4,-3763.77426506
5,-3763.77677867
6,-3763.77919871
7,-3763.78125013
8,-3763.78335804
9,-3763.78516151
