step,energy_ry
1,-3763.84349894
2,-3763.84357943
3,-3763.84366206
4,-3763.84373286
5,-3763.84380964
6,-3763.84390075
