step,energy_ry
1,-3763.75888151
2,-3763.76434015
3,-3763.77070251
4,-3763.77426604
5,-3763.77679079
6,-3763.77919298
7,-3763.78126025
8,-3763.78336006
9,-3763.7851675
10,-3763.78669271
11,-3763.78804592
