step,energy_ry
1,-3764.04498144
2,-3764.07148246
3,-3764.09527362
4,-3764.12537367
5,-3764.16045947
6,-3764.19334073
7,-3764.20833663
8,-3764.21693144
9,-3764.2276768
10,-3764.23865104
11,-3764.24947249
12,-3764.25852552
13,-3764.2715584
14,-3764.29213545
15,-3764.30845565
16,-3764.31465452
17,-3764.32087468
18,-3764.32334027
19,-3764.32588411
20,-3764.32796646
21,-3764.32915628
