step,energy_ry
1,-3763.75888151
2,-3763.76434015
3,-3763.77070251
4,-3763.77426604
