step,energy_ry
1,-3764.04498144
2,-3764.07204759
