step,energy_ry
1,-3764.04498144
2,-3764.07148246
3,-3764.09527362
4,-3764.12537367
5,-3764.16045947
6,-3764.19334073
7,-3764.20833663
8,-3764.21693144
9,-3764.2276768
10,-3764.23865104
