step,energy_ry
1,-7385.40254241
2,-7385.40762005
3,-7385.41308016
4,-7385.41721609
5,-7385.42078869
6,-7385.42415946
7,-7385.42653398
8,-7385.42818189
9,-7385.42943233
