step,energy_ry
1,-7385.40254241
2,-7385.40762005
3,-7385.41308016
4,-7385.41721609
5,-7385.42078869
