step,total_force_ry_bohr
1,0.091856
2,0.069162
3,0.051464
4,0.046282
5,0.043083
6,0.038449
7,0.036588
8,0.037092
9,0.037781
