step,total_force_ry_bohr
1,0.006406
2,0.007908
3,0.007111
4,0.006444
5,0.006438
6,0.005589
7,0.006981
8,0.005565
9,0.004904
10,0.005048
11,0.005787
12,0.007064
13,0.009839
14,0.008907
15,0.008124
16,0.010274
17,0.00829
18,0.006963
19,0.006276
20,0.007147
21,0.005649
22,0.004966
23,0.005001
