step,total_force_ry_bohr
1,0.178517
2,0.144579
3,0.124398
4,0.111468
5,0.098435
6,0.093508
7,0.09479
8,0.08113
9,0.066987
