step,total_force_ry_bohr
1,0.091856
2,0.069162
3,0.051464
4,0.046282
