step,total_force_ry_bohr
1,0.092277
2,0.069529
3,0.052372
4,0.048352
5,0.047315
6,0.044752
7,0.042292
8,0.04052
9,0.038361
