step,total_force_ry_bohr
1,0.101089
2,0.075113
3,0.052087
4,0.045581
5,0.042472
6,0.0395
7,0.038405
8,0.038811
9,0.038543
10,0.034008
