step,total_force_ry_bohr
1,0.090277
2,0.066777
3,0.051643
4,0.051435
