step,total_force_ry_bohr
1,0.178517
2,0.144579
3,0.124398
4,0.111468
5,0.098435
6,0.093508
7,0.09479
8,0.08113
9,0.066987
10,0.068454
11,0.095051
12,0.097815
13,0.097771
14,0.091175
15,0.078488
