step,total_force_ry_bohr
1,0.101089
2,0.075113
3,0.052087
4,0.045581
5,0.042472
