step,total_force_ry_bohr
1,0.180152
2,0.145972
3,0.125702
4,0.11553
5,0.112759
6,0.121419
