step,total_force_ry_bohr
1,0.091879
2,0.069177
3,0.051544
4,0.046181
5,0.043175
6,0.038546
7,0.036667
8,0.03719
9,0.037701
10,0.033142
11,0.028969
12,0.029
13,0.027014
14,0.021778
15,0.01896
16,0.018096
17,0.017173
18,0.017235
