step,total_force_ry_bohr
1,0.091879
2,0.069177
3,0.051544
4,0.046181
5,0.043175
6,0.038546
7,0.036667
8,0.03719
9,0.037701
10,0.033142
11,0.028969
12,0.029
13,0.027014
14,0.021778
15,0.01896
16,0.018096
17,0.017173
18,0.017235
19,0.016809
20,0.016411
21,0.016087
22,0.01583
23,0.015443
24,0.014909
25,0.014906
26,0.015629
27,0.016985
28,0.019255
29,0.021558
30,0.024625
31,0.028517
32,0.033555
33,0.041254
