step,total_force_ry_bohr
1,0.091879
2,0.069177
3,0.051544
4,0.046181
5,0.043175
6,0.038546
