step,total_force_ry_bohr
1,0.090277
2,0.066777
3,0.051643
4,0.051435
5,0.052362
6,0.04483
7,0.035597
8,0.031164
9,0.02967
10,0.02534
11,0.021548
12,0.021203
13,0.020119
14,0.018977
15,0.018751
16,0.020041
17,0.021405
18,0.022425
19,0.020804
20,0.01858
21,0.017534
22,0.017309
23,0.017534
24,0.016651
25,0.014157
26,0.01149
