step,total_force_ry_bohr
1,0.006406
2,0.007908
3,0.007111
4,0.006444
5,0.006438
6,0.005589
