step,total_force_ry_bohr
1,0.090277
2,0.066777
3,0.051643
4,0.051435
5,0.052362
6,0.04483
7,0.035597
8,0.031164
9,0.02967
10,0.02534
11,0.021548
12,0.021203
