step,total_force_ry_bohr
1,0.092277
2,0.069529
3,0.052372
4,0.048352
5,0.047315
6,0.044752
7,0.042292
8,0.04052
9,0.038361
10,0.033215
11,0.029068
12,0.029995
13,0.03222
14,0.031851
15,0.03082
16,0.031904
17,0.035664
18,0.044208
19,0.051378
20,0.046954
21,0.040988
22,0.038028
23,0.03486
24,0.035276
25,0.035184
26,0.034884
27,0.038912
28,0.047353
29,0.054914
30,0.05182
31,0.050606
