step,total_force_ry_bohr
1,0.180152
2,0.145972
3,0.125702
4,0.11553
5,0.112759
6,0.121419
7,0.137521
8,0.129533
9,0.094792
10,0.079771
11,0.081216
12,0.055512
13,0.054419
14,0.063106
15,0.06971
16,0.064761
17,0.056227
18,0.059366
19,0.070215
