step,energy_ry
1,-7386.41336461
2,-7386.41655193
