step,total_force_ry_bohr
1,0.060833
2,0.045311
3,0.032832
