step,total_force_ry_bohr
1,0.060833
2,0.045311
3,0.032832
4,0.022211
5,0.023121
6,0.020044
7,0.015318
8,0.011694
9,0.01286
10,0.013814
11,0.012792
12,0.009563
