step,energy_ry
1,-10234.25889157
2,-10234.2697857
3,-10234.28237594
4,-10234.28894227
5,-10234.29531569
6,-10234.30314487
7,-10234.30874719
8,-10234.31333946
9,-10234.31862688
10,-10234.32403784
11,-10234.32909325
12,-10234.33202978
13,-10234.33432412
