step,energy_ry
1,-10234.64745365
2,-10234.65790439
3,-10234.66962331
4,-10234.67692995
5,-10234.68319211
