step,energy_ry
1,-10234.64745365
2,-10234.65790439
