step,energy_ry
1,-10234.25889157
2,-10234.2697857
3,-10234.28237594
4,-10234.28894227
5,-10234.29531569
6,-10234.30314487
