step,energy_ry
1,-10234.25889157
2,-10234.2697857
3,-10234.28237594
4,-10234.28894227
5,-10234.29531569
6,-10234.30314487
7,-10234.30874719
8,-10234.31333946
9,-10234.31862688
10,-10234.32403784
11,-10234.32909325
12,-10234.33202978
13,-10234.33432412
14,-10234.33638636
15,-10234.33887856
16,-10234.34097104
17,-10234.34319253
18,-10234.34537896
19,-10234.3475792
20,-10234.34907761
21,-10234.35058873
22,-10234.35248074
23,-10234.35451713
24,-10234.35659261
