step,total_force_ry_bohr
1,0.128522
2,0.095197
3,0.07125
4,0.068055
