step,total_force_ry_bohr
1,0.128522
2,0.095197
3,0.07125
4,0.068055
5,0.072663
6,0.073484
7,0.064731
8,0.062762
9,0.060596
10,0.060434
11,0.050194
12,0.053813
13,0.045984
14,0.042114
15,0.037809
16,0.039831
17,0.042841
