step,total_force_ry_bohr
1,0.126839
2,0.092552
3,0.070181
