step,energy_ry
1,-8184.61241766
2,-8184.61930001
