step,energy_ry
1,-8183.8372378
2,-8183.84975756
3,-8183.86211447
4,-8183.86612657
5,-8183.87151268
6,-8183.87742037
7,-8183.88338198
8,-8183.88917997
