step,energy_ry
1,-8184.589211
2,-8184.62238096
3,-8184.63493629
4,-8184.63949092
5,-8184.64243569
6,-8184.64631732
7,-8184.64940358
8,-8184.65199894
9,-8184.65440529
10,-8184.65595468
11,-8184.65708467
12,-8184.65808752
13,-8184.65887465
14,-8184.65957605
