step,energy_ry
1,-8184.67968946
2,-8184.67990838
3,-8184.68010104
4,-8184.68021782
