step,energy_ry
1,-8183.83723778
2,-8183.84975889
3,-8183.86212082
