step,energy_ry
1,-8184.589211
2,-8184.62238096
