step,energy_ry
1,-8184.76280787
2,-8184.76715482
3,-8184.77063955
