step,energy_ry
1,-8184.76280787
2,-8184.76714625
3,-8184.77062286
4,-8184.77232085
5,-8184.77356401
6,-8184.77482817
7,-8184.77586907
8,-8184.77696542
9,-8184.77800603
10,-8184.7788789
11,-8184.77961761
12,-8184.78032372
13,-8184.78081479
14,-8184.78116772
15,-8184.78142075
16,-8184.78161332
17,-8184.78178812
18,-8184.78190908
