step,energy_ry
1,-8184.61241766
2,-8184.61930001
3,-8184.6251237
4,-8184.62812586
5,-8184.62971916
6,-8184.63188111
7,-8184.63412082
8,-8184.63596654
9,-8184.63817731
10,-8184.6403393
11,-8184.64234779
12,-8184.64363071
13,-8184.64483555
14,-8184.64601394
15,-8184.64682316
16,-8184.64768717
17,-8184.648552
18,-8184.64957304
19,-8184.6506618
