step,energy_ry
1,-8183.83723778
2,-8183.84975889
3,-8183.86212082
4,-8183.86613803
5,-8183.87149472
6,-8183.87744697
7,-8183.88335612
8,-8183.88918028
9,-8183.89438165
