step,energy_ry
1,-8183.85102632
2,-8183.88244378
3,-8183.89250451
