step,energy_ry
1,-8184.61241766
2,-8184.61930001
3,-8184.6251237
4,-8184.62812586
5,-8184.62971916
6,-8184.63188111
7,-8184.63412082
8,-8184.63596654
9,-8184.63817731
10,-8184.6403393
11,-8184.64234779
12,-8184.64363071
13,-8184.64483555
