step,energy_ry
1,-8183.8372378
2,-8183.84976326
3,-8183.86213037
4,-8183.86616032
5,-8183.87158146
6,-8183.87756332
