step,energy_ry
1,-8184.58921063
2,-8184.6222575
