step,energy_ry
1,-8183.96549411
2,-8183.9655586
3,-8183.96561419
