step,energy_ry
1,-8184.589211
2,-8184.62225889
3,-8184.6343709
4,-8184.63800493
5,-8184.63979789
