step,energy_ry
1,-8183.91583924
2,-8183.92502213
3,-8183.93642984
