step,energy_ry
1,-8183.83724071
2,-8183.84846767
