step,energy_ry
1,-8184.76280787
2,-8184.76715333
3,-8184.7706386
4,-8184.77233277
5,-8184.77357326
6,-8184.7748352
7,-8184.77589028
8,-8184.77699364
9,-8184.77803189
10,-8184.77888459
11,-8184.77961053
12,-8184.78032138
13,-8184.78082618
14,-8184.78117954
15,-8184.78142546
