step,energy_ry
1,-8183.83723779
2,-8183.84976338
3,-8183.86214166
4,-8183.86615968
5,-8183.87159858
6,-8183.87758753
7,-8183.8837896
8,-8183.89008478
9,-8183.8956349
10,-8183.90037632
11,-8183.90479436
12,-8183.90979848
13,-8183.91521798
14,-8183.92170947
15,-8183.93014371
16,-8183.93816923
17,-8183.94761868
18,-8183.95577204
19,-8183.96337888
20,-8183.9687637
21,-8183.97415512
