step,energy_ry
1,-8184.76280787
2,-8184.76715482
3,-8184.77063955
4,-8184.77233307
5,-8184.77357587
6,-8184.7748345
7,-8184.77589321
8,-8184.77699346
9,-8184.77803377
10,-8184.77888613
11,-8184.77961033
12,-8184.78032297
13,-8184.78082582
