step,energy_ry
1,-8184.589211
2,-8184.62238096
3,-8184.63493629
4,-8184.63949092
5,-8184.64243569
6,-8184.64631732
