step,energy_ry
1,-8183.83724071
2,-8183.84846767
3,-8183.85769905
4,-8183.85951246
5,-8183.86097888
6,-8183.86256873
7,-8183.86435885
8,-8183.86623872
9,-8183.8681592
