step,energy_ry
1,-8184.58921103
2,-8184.62237665
