step,energy_ry
1,-8183.96549411
2,-8183.9655586
3,-8183.96561419
4,-8183.96568369
5,-8183.9657538
6,-8183.96579109
7,-8183.96583102
8,-8183.96588888
9,-8183.96593257
10,-8183.96601458
11,-8183.96608201
12,-8183.96616387
13,-8183.96622644
14,-8183.96630828
15,-8183.96640008
16,-8183.96647115
