step,energy_ry
1,-8184.76280787
2,-8184.76715333
3,-8184.7706386
4,-8184.77233277
5,-8184.77357326
6,-8184.7748352
7,-8184.77589028
