step,energy_ry
1,-8184.76280787
2,-8184.76715482
3,-8184.77063955
4,-8184.77233307
5,-8184.77357587
6,-8184.7748345
7,-8184.77589321
