step,energy_ry
1,-8184.58921063
2,-8184.6222575
3,-8184.63435584
4,-8184.63803275
5,-8184.63979768
