step,energy_ry
1,-8183.8372378
2,-8183.84975756
3,-8183.86211447
4,-8183.86612657
5,-8183.87151268
6,-8183.87742037
7,-8183.88338198
8,-8183.88917997
9,-8183.89434336
10,-8183.89871474
11,-8183.90264143
12,-8183.90656292
13,-8183.91010985
14,-8183.91374578
15,-8183.91768306
16,-8183.921105
17,-8183.92519444
18,-8183.92869547
19,-8183.93120669
20,-8183.93284595
21,-8183.93416271
22,-8183.93528414
23,-8183.93633592
