step,energy_ry
1,-8183.96549411
2,-8183.9655586
3,-8183.96561419
4,-8183.96568369
5,-8183.9657538
6,-8183.96579109
7,-8183.96583102
