step,energy_ry
1,-8183.8372378
2,-8183.84976326
