step,energy_ry
1,-8184.61241766
2,-8184.61930001
3,-8184.6251237
4,-8184.62812586
5,-8184.62971916
6,-8184.63188111
7,-8184.63412082
