step,energy_ry
1,-8183.83723779
2,-8183.84976338
3,-8183.86214166
4,-8183.86615968
