step,energy_ry
1,-8183.83723778
2,-8183.84975889
3,-8183.86212082
4,-8183.86613803
5,-8183.87149472
6,-8183.87744697
7,-8183.88335612
8,-8183.88918028
9,-8183.89438165
10,-8183.89867037
11,-8183.90267862
12,-8183.90656172
13,-8183.91012113
14,-8183.91371053
15,-8183.91781238
16,-8183.92104835
17,-8183.92481083
18,-8183.92876124
19,-8183.93094901
20,-8183.9328518
21,-8183.93408176
22,-8183.93523059
23,-8183.93628215
