step,energy_ry
1,-8183.91583924
2,-8183.92502213
3,-8183.93642984
4,-8183.94100263
5,-8183.9459532
6,-8183.95146324
7,-8183.95706778
8,-8183.96257296
9,-8183.96739048
10,-8183.97164973
11,-8183.97544014
12,-8183.97951399
13,-8183.98320524
14,-8183.98675064
15,-8183.990681
16,-8183.993938
17,-8183.99771131
18,-8184.00123834
19,-8184.00364239
20,-8184.00553231
