step,energy_ry
1,-8183.85102632
2,-8183.88244378
3,-8183.89250451
4,-8183.89591828
5,-8183.89845409
6,-8183.90175071
7,-8183.90459242
8,-8183.90722427
