step,energy_ry
1,-8184.58921103
2,-8184.62237665
3,-8184.63494118
4,-8184.63948056
5,-8184.64243661
6,-8184.64631316
7,-8184.64939365
