step,energy_ry
1,-8183.8372378
2,-8183.84976326
3,-8183.86213037
4,-8183.86616032
5,-8183.87158146
6,-8183.87756332
7,-8183.88379273
8,-8183.89004628
9,-8183.89563574
10,-8183.9003654
11,-8183.90476766
12,-8183.9097981
13,-8183.91516483
14,-8183.92168597
15,-8183.93020406
