step,energy_ry
1,-8183.91583924
2,-8183.92502213
3,-8183.93642984
4,-8183.94100263
5,-8183.9459532
6,-8183.95146324
7,-8183.95706778
