step,energy_ry
1,-8184.67968946
2,-8184.67990838
3,-8184.68010104
4,-8184.68021782
5,-8184.68034247
6,-8184.68046369
7,-8184.68061042
8,-8184.68077787
9,-8184.68094175
10,-8184.68109695
