step,energy_ry
1,-8183.83723779
2,-8183.84976338
3,-8183.86214166
4,-8183.86615968
5,-8183.87159858
6,-8183.87758753
7,-8183.8837896
8,-8183.89008478
9,-8183.8956349
10,-8183.90037632
