step,energy_ry
1,-8184.76280787
2,-8184.76714625
3,-8184.77062286
