step,energy_ry
1,-8184.7847398
2,-8184.78474974
3,-8184.78475891
