step,energy_ry
1,-8184.589211
2,-8184.62238096
3,-8184.63493629
4,-8184.63949092
5,-8184.64243569
6,-8184.64631732
7,-8184.64940358
8,-8184.65199894
9,-8184.65440529
10,-8184.65595468
11,-8184.65708467
12,-8184.65808752
13,-8184.65887465
14,-8184.65957605
15,-8184.66016124
16,-8184.66067603
17,-8184.66125846
18,-8184.66184768
19,-8184.66239659
20,-8184.66290809
21,-8184.66342734
22,-8184.66392789
23,-8184.66441902
24,-8184.66492997
25,-8184.6654689
26,-8184.66596876
