step,energy_ry
1,-8184.58921063
2,-8184.6222575
3,-8184.63435584
4,-8184.63803275
5,-8184.63979768
6,-8184.64237029
7,-8184.64458352
8,-8184.64681272
9,-8184.6486313
10,-8184.65034539
11,-8184.65160564
12,-8184.65299415
13,-8184.65448554
14,-8184.65581738
15,-8184.65663828
16,-8184.65712998
