step,gradient_error_ry_bohr
1,0.0044
2,0.0046
3,0.0031
4,0.0026
5,0.0029
6,0.003
7,0.0029
8,0.0033
9,0.0027
10,0.0063
11,0.0019
12,0.0039
13,0.0018
14,0.0014
15,0.0026
16,0.0019
17,0.0042
18,0.0013
19,0.00088
20,0.00081
21,0.00082
