step,gradient_error_ry_bohr
1,0.0044
2,0.0046
3,0.0031
4,0.0026
5,0.0029
6,0.003
7,0.0029
8,0.0033
9,0.0027
10,0.0063
11,0.0019
12,0.0039
13,0.0018
14,0.0014
15,0.0026
16,0.0019
17,0.0042
18,0.0013
19,0.00088
20,0.00081
21,0.00082
22,0.00087
23,0.001
24,0.00088
25,0.00072
26,0.00076
27,0.00069
28,0.00077
29,0.00083
30,0.00085
31,0.00083
32,0.00086
33,0.00086
34,0.0011
35,0.0013
36,0.0015
37,0.0014
38,0.0011
39,0.0013
40,0.0013
41,0.0012
42,0.0013
