step,total_force_ry_bohr
1,0.133523
2,0.09106
3,0.055153
4,0.053711
5,0.05736
6,0.060542
7,0.058523
8,0.05873
9,0.060849
10,0.051507
