step,total_force_ry_bohr
1,0.114567
2,0.085049
3,0.057277
4,0.054691
5,0.05775
6,0.059345
7,0.057098
8,0.057321
9,0.059858
10,0.052547
11,0.046368
12,0.04946
13,0.051789
14,0.048208
15,0.047015
16,0.046547
17,0.044052
18,0.04068
19,0.034862
20,0.029357
21,0.026572
22,0.025382
23,0.027347
24,0.029489
25,0.032398
26,0.039534
27,0.052305
28,0.064513
29,0.064126
30,0.062513
31,0.054799
