step,total_force_ry_bohr
1,0.239322
2,0.114618
3,0.060536
4,0.04052
5,0.035909
6,0.036175
7,0.038064
8,0.036298
