step,total_force_ry_bohr
1,0.086369
2,0.060164
3,0.036875
4,0.031828
5,0.030624
6,0.026739
7,0.02544
8,0.026835
9,0.028719
10,0.024394
11,0.020125
12,0.019191
13,0.017225
14,0.014754
15,0.011971
16,0.010191
17,0.008872
18,0.008662
19,0.009307
20,0.010067
21,0.010257
22,0.010157
