step,total_force_ry_bohr
1,0.114567
2,0.085049
3,0.057277
4,0.054691
5,0.05775
6,0.059345
7,0.057098
8,0.057321
9,0.059858
10,0.052547
11,0.046368
12,0.04946
13,0.051789
14,0.048208
15,0.047015
16,0.046547
17,0.044052
18,0.04068
19,0.034862
