step,total_force_ry_bohr
1,0.246175
2,0.117796
3,0.058407
4,0.042831
5,0.041284
6,0.043383
7,0.042301
8,0.039101
9,0.038974
10,0.036991
11,0.036921
12,0.036766
13,0.033234
14,0.023808
15,0.01831
16,0.018865
17,0.021307
18,0.019745
19,0.01904
