step,total_force_ry_bohr
1,0.086408
2,0.06022
3,0.03689
4,0.031822
5,0.03064
6,0.026818
7,0.0256
8,0.026893
9,0.02861
10,0.02406
11,0.020023
12,0.019364
13,0.017337
14,0.014677
15,0.011873
16,0.010236
17,0.009261
18,0.009215
19,0.009694
20,0.010132
21,0.010157
22,0.010225
23,0.010513
24,0.010584
25,0.010201
26,0.009422
