step,total_force_ry_bohr
1,0.108948
2,0.07566
3,0.048038
4,0.039109
5,0.038308
6,0.036136
7,0.034689
8,0.038025
