step,total_force_ry_bohr
1,0.133523
2,0.09106
3,0.055153
4,0.053711
5,0.05736
6,0.060542
7,0.058523
8,0.05873
9,0.060849
10,0.051507
11,0.045475
12,0.049376
13,0.051662
14,0.049148
15,0.045668
16,0.046708
17,0.046822
18,0.041152
19,0.033938
20,0.028394
21,0.025607
22,0.024235
23,0.024073
24,0.026049
25,0.030603
26,0.036173
