step,total_force_ry_bohr
1,0.133549
2,0.091075
3,0.055236
4,0.053844
5,0.057643
6,0.061279
7,0.060254
8,0.060993
9,0.063241
10,0.053835
11,0.049152
