step,total_force_ry_bohr
1,0.086434
2,0.060212
3,0.036858
4,0.03177
5,0.030641
6,0.026796
7,0.025601
8,0.026887
9,0.028582
10,0.024105
11,0.020021
12,0.019378
13,0.017367
14,0.014685
15,0.011812
16,0.010213
