step,total_force_ry_bohr
1,0.133523
2,0.09106
3,0.055153
4,0.053711
5,0.05736
6,0.060542
7,0.058523
8,0.05873
9,0.060849
10,0.051507
11,0.045475
12,0.049376
13,0.051662
14,0.049148
15,0.045668
16,0.046708
17,0.046822
18,0.041152
19,0.033938
