step,total_force_ry_bohr
1,0.086408
2,0.06022
3,0.03689
4,0.031822
5,0.03064
6,0.026818
7,0.0256
8,0.026893
9,0.02861
10,0.02406
11,0.020023
12,0.019364
13,0.017337
14,0.014677
15,0.011873
16,0.010236
17,0.009261
18,0.009215
19,0.009694
20,0.010132
21,0.010157
22,0.010225
23,0.010513
24,0.010584
25,0.010201
26,0.009422
27,0.008554
28,0.007925
29,0.00773
30,0.007861
31,0.007887
32,0.007615
33,0.007489
34,0.007646
35,0.007556
36,0.006645
37,0.005576
38,0.005153
39,0.005052
40,0.004614
