step,total_force_ry_bohr
1,0.133549
2,0.091075
3,0.055236
4,0.053844
