step,total_force_ry_bohr
1,0.239629
2,0.115787
3,0.063427
4,0.046879
5,0.04441
6,0.043966
7,0.043296
8,0.03811
9,0.035293
10,0.029919
11,0.026274
12,0.02468
13,0.022401
14,0.019065
15,0.017344
16,0.017747
17,0.018326
18,0.018016
19,0.017939
20,0.016935
21,0.016784
22,0.017442
23,0.016559
24,0.017172
25,0.017155
26,0.016726
27,0.016405
28,0.014676
29,0.012595
30,0.011152
31,0.010825
32,0.011746
33,0.012564
34,0.011944
35,0.009824
36,0.008182
37,0.007501
38,0.006739
