step,total_force_ry_bohr
1,0.010625
2,0.010086
3,0.009427
4,0.008658
5,0.008113
