step,total_force_ry_bohr
1,0.13353
2,0.091129
3,0.055266
4,0.053859
5,0.057612
6,0.061388
7,0.060171
8,0.061009
9,0.063214
