step,total_force_ry_bohr
1,0.010625
2,0.010086
3,0.009427
4,0.008658
5,0.008113
6,0.009388
7,0.010628
8,0.010123
9,0.008831
10,0.011676
11,0.008236
12,0.009514
13,0.006933
14,0.005407
15,0.005762
16,0.004352
17,0.007106
18,0.003837
19,0.002978
20,0.002835
