step,total_force_ry_bohr
1,0.086408
2,0.06022
3,0.03689
4,0.031822
5,0.03064
6,0.026818
7,0.0256
