step,total_force_ry_bohr
1,0.13351
2,0.091028
3,0.05511
4,0.053692
5,0.057212
