step,total_force_ry_bohr
1,0.239637
2,0.115722
3,0.063528
4,0.046962
5,0.04436
6,0.043959
7,0.043625
8,0.038433
9,0.035753
10,0.029919
11,0.026132
