step,total_force_ry_bohr
1,0.128327
2,0.084253
3,0.041308
4,0.034371
5,0.031239
6,0.029965
7,0.032715
8,0.03572
9,0.037237
10,0.029811
11,0.025656
12,0.026085
13,0.02427
14,0.021488
15,0.017157
16,0.016264
17,0.015971
18,0.015535
19,0.016079
20,0.017216
21,0.018621
22,0.019533
