step,total_force_ry_bohr
1,0.086408
2,0.06022
3,0.03689
4,0.031822
