step,total_force_ry_bohr
1,0.128327
2,0.084253
3,0.041308
4,0.034371
5,0.031239
6,0.029965
7,0.032715
8,0.03572
