step,total_force_ry_bohr
1,0.086369
2,0.060164
3,0.036875
4,0.031828
5,0.030624
6,0.026739
7,0.02544
8,0.026835
