step,total_force_ry_bohr
1,0.114567
2,0.085049
3,0.057277
