step,total_force_ry_bohr
1,0.004595
2,0.006292
3,0.007004
