step,total_force_ry_bohr
1,0.246175
2,0.117796
3,0.058407
4,0.042831
5,0.041284
6,0.043383
