step,total_force_ry_bohr
1,0.108948
2,0.07566
3,0.048038
4,0.039109
5,0.038308
6,0.036136
7,0.034689
8,0.038025
9,0.044354
10,0.041683
11,0.029711
12,0.025956
13,0.026789
14,0.025897
15,0.023951
16,0.023506
17,0.023105
18,0.024348
19,0.024383
20,0.024784
21,0.023312
22,0.021784
23,0.020378
24,0.019296
25,0.018895
26,0.016922
27,0.018333
