step,total_force_ry_bohr
1,0.239348
2,0.114774
3,0.060035
4,0.040288
