step,total_force_ry_bohr
1,0.13351
2,0.091028
3,0.05511
4,0.053692
5,0.057212
6,0.060584
7,0.058577
8,0.058468
9,0.06161
10,0.051305
11,0.044958
12,0.049248
13,0.051617
