step,total_force_ry_bohr
1,0.13353
2,0.091129
3,0.055266
