step,total_force_ry_bohr
1,0.086434
2,0.060212
3,0.036858
4,0.03177
5,0.030641
6,0.026796
7,0.025601
8,0.026887
