step,total_force_ry_bohr
1,0.004595
2,0.006292
3,0.007004
4,0.006504
5,0.005093
6,0.004656
7,0.005119
8,0.005745
9,0.006826
10,0.007553
11,0.009725
12,0.006376
13,0.005784
14,0.005998
15,0.006837
16,0.00762
