step,total_force_ry_bohr
1,0.239629
2,0.115787
3,0.063427
4,0.046879
5,0.04441
6,0.043966
7,0.043296
8,0.03811
9,0.035293
10,0.029919
11,0.026274
12,0.02468
13,0.022401
14,0.019065
15,0.017344
