step,total_force_ry_bohr
1,0.239637
2,0.115722
3,0.063528
4,0.046962
