step,total_force_ry_bohr
1,0.13353
2,0.091129
3,0.055266
4,0.053859
5,0.057612
6,0.061388
7,0.060171
8,0.061009
9,0.063214
10,0.05375
11,0.049277
12,0.058193
13,0.065713
14,0.073546
15,0.069423
16,0.072895
17,0.074387
18,0.073945
19,0.068801
20,0.058975
