step,total_force_ry_bohr
1,0.239348
2,0.114774
3,0.060035
4,0.040288
5,0.036001
6,0.035957
7,0.038387
8,0.035843
9,0.034091
10,0.030442
11,0.03004
12,0.031851
13,0.030594
14,0.025452
15,0.019415
16,0.017835
17,0.017373
18,0.016747
