step,total_force_ry_bohr
1,0.13351
2,0.091028
3,0.05511
4,0.053692
5,0.057212
6,0.060584
7,0.058577
8,0.058468
9,0.06161
10,0.051305
11,0.044958
12,0.049248
13,0.051617
14,0.048478
15,0.04605
16,0.046508
17,0.044928
18,0.041255
19,0.034743
20,0.028312
21,0.026014
22,0.024083
23,0.024053
