step,total_force_ry_bohr
1,0.239348
2,0.114774
3,0.060035
4,0.040288
5,0.036001
6,0.035957
7,0.038387
8,0.035843
9,0.034091
10,0.030442
