step,total_force_ry_bohr
1,0.239629
2,0.115787
3,0.063427
4,0.046879
5,0.04441
6,0.043966
7,0.043296
