step,energy_ry
1,-8185.02269025
2,-8185.02884396
