step,energy_ry
1,-8185.00226302
2,-8185.01844161
3,-8185.02673942
4,-8185.02917663
5,-8185.03096268
6,-8185.03317793
7,-8185.03481096
8,-8185.03653748
9,-8185.03818399
10,-8185.03955684
11,-8185.04063015
