step,energy_ry
1,-8185.02269025
2,-8185.02884396
3,-8185.03426166
4,-8185.03584232
