step,energy_ry
1,-8185.02269025
2,-8185.02884396
3,-8185.03426166
4,-8185.03584232
5,-8185.03728599
6,-8185.03867129
7,-8185.0399919
8,-8185.04126379
9,-8185.04235663
10,-8185.04326109
11,-8185.04405858
