step,energy_ry
1,-8185.00226302
2,-8185.01844161
