step,total_force_ry_bohr
1,0.16009
2,0.088261
3,0.049372
4,0.039136
5,0.035114
6,0.032298
7,0.031381
8,0.031949
9,0.033582
10,0.029871
11,0.024775
12,0.024339
13,0.022464
14,0.019587
15,0.016024
