step,total_force_ry_bohr
1,0.16009
2,0.088261
3,0.049372
4,0.039136
5,0.035114
6,0.032298
