step,total_force_ry_bohr
1,0.097873
2,0.068397
3,0.038419
4,0.03263
5,0.030561
6,0.02886
7,0.028089
8,0.028672
9,0.028905
10,0.02356
11,0.020337
12,0.019339
13,0.016839
14,0.014752
15,0.01301
16,0.010524
17,0.009832
18,0.009996
19,0.010005
20,0.009986
21,0.010457
22,0.011193
23,0.011535
24,0.011184
25,0.010582
26,0.009848
27,0.008722
28,0.007669
29,0.00723
30,0.007165
