step,total_force_ry_bohr
1,0.097873
2,0.068397
3,0.038419
4,0.03263
5,0.030561
