step,total_force_ry_bohr
1,0.16009
2,0.088261
3,0.049372
4,0.039136
5,0.035114
6,0.032298
7,0.031381
8,0.031949
9,0.033582
10,0.029871
11,0.024775
12,0.024339
13,0.022464
14,0.019587
15,0.016024
16,0.01466
17,0.014355
18,0.013385
19,0.013008
20,0.01341
21,0.014682
22,0.015888
23,0.016038
24,0.015079
25,0.013677
26,0.012143
27,0.01064
28,0.009199
29,0.008011
30,0.007428
31,0.007485
32,0.008056
33,0.008285
34,0.007705
35,0.006821
36,0.006188
37,0.005765
38,0.00517
