step,energy_ry
1,-8039.32494054
2,-8039.37225424
