step,energy_ry
1,-8039.32494054
2,-8039.37225424
3,-8039.41717148
4,-8039.47458957
5,-8039.54249629
6,-8039.6143929
7,-8039.68018425
