step,total_force_ry_bohr
1,0.229907
2,0.187933
3,0.161659
4,0.137099
