step,total_force_ry_bohr
1,0.229907
2,0.187933
3,0.161659
4,0.137099
5,0.119092
6,0.120003
7,0.137125
8,0.143346
9,0.137896
