step,energy_ry
17,-33.34071538
11,-33.34072234
10,-33.34073768
