step,energy_ry
1,-33.37515758
2,-33.37516377
3,-33.37518038
