step,energy_ry
1,-33.3407154
2,-33.34072085
3,-33.34073768
