step,energy_ry
16,-33.34061711
10,-33.34062521
13,-33.34064051
