step,energy_ry
1,-33.34071538
2,-33.34072234
3,-33.34073768
