step,scf_accuracy_ry
1,0.12017535
2,0.07866101
3,0.01304578
4,0.00823436
5,0.00582531
6,0.00310134
7,0.0001639
8,4.25e-05
9,4.862e-05
10,3.905e-05
11,4.67e-06
12,3.87e-06
13,9.4e-07
14,2.45e-06
15,8.3e-07
16,3e-08
1,1.958e-05
2,1.384e-05
3,1.48e-06
4,2.97e-06
5,3.83e-06
6,2.3e-07
7,1.9e-07
8,2e-07
9,1.8e-07
10,4.9e-09
1,3.81e-06
2,2.66e-06
3,2.2e-07
4,5.4e-07
5,4.7e-07
6,5.2e-07
7,1e-07
8,9e-08
9,6.2e-09
10,2e-08
11,2e-08
12,4.3e-09
13,4.3e-11
