step,total_force_ry_bohr
17,0.008955
11,0.00765
10,8.7e-05
