step,energy_ry
1,-8074.23788603
2,-8074.24147966
3,-8074.26373766
4,-8074.26435123
5,-8074.26506906
6,-8074.26610523
