step,energy_ry
1,-8073.31839568
2,-8073.49524239
3,-8073.501027
4,-8073.50539829
5,-8073.50789073
6,-8073.50820882
7,-8073.50855196
