step,energy_ry
1,-8074.23788603
2,-8074.24147966
3,-8074.26373766
4,-8074.26435123
