step,energy_ry
1,-8074.26895483
2,-8074.26981923
3,-8074.27127862
