step,energy_ry
1,-8073.31839568
2,-8073.49524239
3,-8073.501027
