step,energy_ry
1,-8074.23788603
2,-8074.24147966
3,-8074.26373766
4,-8074.26435123
5,-8074.26506906
6,-8074.26610523
7,-8074.26708544
8,-8074.26780218
9,-8074.26858379
10,-8074.26917762
11,-8074.26942727
12,-8074.26965821
13,-8074.26988426
