step,total_force_ry_bohr
1,0.69873
2,0.096103
3,0.067852
4,0.041991
5,0.019789
6,0.018097
7,0.01934
8,0.023449
9,0.032399
10,0.047468
11,0.069416
12,0.096594
13,0.118716
14,0.119402
15,0.144133
16,0.149639
17,0.073816
18,0.060331
19,0.045258
20,0.038615
21,0.042273
22,0.036603
23,0.029141
24,0.019075
25,0.020449
26,0.023708
27,0.025193
28,0.02684
29,0.029994
30,0.035533
31,0.037445
32,0.037927
33,0.039267
34,0.041894
