step,total_force_ry_bohr
1,0.69873
2,0.096103
3,0.067852
4,0.041991
5,0.019789
6,0.018097
7,0.01934
8,0.023449
9,0.032399
