step,total_force_ry_bohr
1,0.69873
2,0.096103
3,0.067852
