step,total_force_ry_bohr
1,0.046185
2,0.049153
3,0.032851
4,0.028336
