step,total_force_ry_bohr
1,0.245945
2,0.383813
3,0.030191
4,0.021689
5,0.017466
6,0.020385
7,0.026315
8,0.025327
9,0.018287
10,0.013076
11,0.01243
12,0.013576
13,0.016078
14,0.020705
15,0.028596
16,0.042483
17,0.068037
18,0.074535
19,0.0707
20,0.076128
21,0.079908
22,0.074374
23,0.07286
24,0.059482
25,0.095774
26,0.042001
27,0.037014
