step,energy_ry
112,-11770.54789357
35,-11770.55475959
39,-11770.56045283
42,-11770.56523675
41,-11770.56626015
27,-11770.56681353
29,-11770.5674563
