step,energy_ry
112,-11770.54789357
35,-11770.55475959
39,-11770.56045283
