step,scf_accuracy_ry
1,106.00410714
2,114.25271098
3,45.19627016
4,23.16938099
5,27.50489079
6,27.51331775
7,14.06709774
8,17.39722305
9,6.77008122
10,6.92587811
11,9.41903701
12,6.47233415
13,9.4738546
14,6.17819606
15,4.10281161
16,3.84156463
17,3.63850475
18,3.62274622
19,3.00234719
20,1.8594452
21,3.75296133
22,0.6935992
23,0.61556092
24,0.27799671
25,0.26349862
26,0.15343702
