step,scf_accuracy_ry
1,106.00410714
2,114.25271098
3,45.19627016
4,23.16938099
5,27.50489079
6,27.51331775
7,14.06709774
8,17.39722305
9,6.77008122
10,6.92587811
11,9.41903701
