step,total_force_ry_bohr
112,0.087871
35,0.072739
