step,total_force_ry_bohr
112,0.087871
35,0.072739
39,0.053972
42,0.036302
41,0.036728
27,0.019355
29,0.020759
31,0.023487
32,0.016514
32,0.011045
42,0.013077
38,0.016021
32,0.012026
30,0.007649
