step,total_force_ry_bohr
112,0.087871
35,0.072739
39,0.053972
42,0.036302
41,0.036728
27,0.019355
29,0.020759
