step,energy_ry
1,-11737.96705333
2,-11738.15200431
