step,energy_ry
99,-11771.63227149
36,-11771.67139097
31,-11771.70506825
