step,energy_ry
1,-6197.09096263
2,-6197.19519466
