step,energy_ry
99,-11771.63227149
36,-11771.67139097
