step,energy_ry
1,-11765.7262463
2,-11770.39020901
