step,energy_ry
1,-11765.7262463
2,-11770.39020901
3,-11770.90378462
4,-11770.99639224
5,-11771.18937824
6,-11771.44566444
7,-11770.52243798
8,-11771.47464515
9,-11771.51603907
10,-11771.57291376
11,-11771.63511313
12,-11771.66841441
