step,energy_ry
1,-6196.35262454
2,-6196.71956429
3,-6196.92561389
4,-6197.05050208
5,-6197.10779679
6,-6197.16299859
7,-6197.22180863
8,-6197.28108575
9,-6197.31461636
10,-6197.33316334
11,-6197.34619924
