step,energy_ry
90,-11737.02787977
45,-11738.01488453
77,-11737.88841857
72,-11738.09249201
33,-11738.1314531
31,-11738.15592006
28,-11738.16832266
25,-11738.17751157
28,-11738.18716739
31,-11738.1966222
35,-11738.2038155
