step,energy_ry
1,-11737.96705333
2,-11738.15200431
3,-11738.17391425
4,-11738.19015424
