step,energy_ry
1,-6197.07860672
2,-6197.15736422
3,-6197.20304566
4,-6197.24458507
