step,energy_ry
1,-6197.07650551
2,-6197.17876734
3,-6197.24447358
4,-6197.29099053
5,-6197.3045863
6,-6197.31054178
7,-6197.31515813
