step,energy_ry
1,-6196.52245194
2,-6196.74285255
3,-6196.8636861
4,-6196.95984866
5,-6197.02923708
6,-6197.07747889
7,-6197.10970739
8,-6197.12192693
9,-6197.12967278
10,-6197.13662304
11,-6197.14178764
