step,energy_ry
91,-11738.22345701
27,-11738.23984279
