step,energy_ry
91,-11738.25916955
15,-11738.25930132
33,-11738.25951443
30,-11738.25962405
31,-11738.25973182
31,-11738.25987801
32,-11738.26000371
31,-11738.2601082
37,-11738.26019983
