step,energy_ry
1,-6197.07650551
2,-6197.17876734
