step,energy_ry
87,-11771.85315528
21,-11771.85454715
29,-11771.85654041
29,-11771.85730411
27,-11771.85764616
29,-11771.85807302
29,-11771.85843252
