step,energy_ry
90,-11737.02787977
45,-11738.01488453
77,-11737.88841857
72,-11738.09249201
