step,energy_ry
1,-11738.28081347
2,-11738.28433772
