step,energy_ry
1,-11765.7262463
2,-11770.39020901
3,-11770.90378462
4,-11770.99639224
5,-11771.18937824
6,-11771.44566444
