step,energy_ry
1,-6197.07860672
2,-6197.15736422
