step,energy_ry
1,-6197.09096263
2,-6197.19519466
3,-6197.25928682
4,-6197.30158201
5,-6197.31106515
6,-6197.31711675
7,-6197.32200068
