step,energy_ry
99,-11771.63227149
36,-11771.67139097
31,-11771.70506825
30,-11771.7154544
35,-11771.72255242
27,-11771.72637807
