step,energy_ry
1,-11738.31236519
2,-11738.31833523
3,-11738.32198172
4,-11738.32505956
5,-11738.32816229
6,-11738.3304239
7,-11738.33137156
