step,energy_ry
1,-6196.52245194
2,-6196.74285255
