step,energy_ry
87,-11771.85315528
21,-11771.85454715
29,-11771.85654041
