step,energy_ry
1,-6197.07650551
2,-6197.17876734
3,-6197.24447358
4,-6197.29099053
5,-6197.3045863
6,-6197.31054178
7,-6197.31515813
8,-6197.31900308
9,-6197.32258228
10,-6197.32417918
11,-6197.32510376
12,-6197.32641078
13,-6197.3277532
14,-6197.32901062
15,-6197.33044792
16,-6197.33174869
17,-6197.33288699
18,-6197.33403112
19,-6197.33492474
