step,energy_ry
1,-11738.28081347
2,-11738.28433772
3,-11738.28696596
4,-11738.28915828
5,-11738.29033637
6,-11738.29163687
7,-11738.29236944
8,-11738.29275585
9,-11738.29298814
10,-11738.29319948
