step,energy_ry
91,-11738.25916955
15,-11738.25930132
33,-11738.25951443
