step,energy_ry
1,-11738.0536486
2,-11738.16347217
3,-11738.20837563
