step,energy_ry
99,-11771.63227149
36,-11771.67139097
31,-11771.70506825
30,-11771.7154544
35,-11771.72255242
27,-11771.72637807
28,-11771.72916335
33,-11771.73200297
35,-11771.73482233
40,-11771.73746713
30,-11771.73947589
37,-11771.74232026
33,-11771.74377094
32,-11771.74460433
32,-11771.74598951
36,-11771.7471108
36,-11771.74830222
31,-11771.74946876
34,-11771.75112116
39,-11771.75327669
41,-11771.7559123
37,-11771.75851323
36,-11771.76129144
42,-11771.76591714
