step,energy_ry
1,-6196.35262454
2,-6196.71956429
