step,energy_ry
1,-6196.52245194
2,-6196.74285255
3,-6196.8636861
4,-6196.95984866
5,-6197.02923708
6,-6197.07747889
