step,energy_ry
1,-11738.28081347
2,-11738.28433772
3,-11738.28696596
4,-11738.28915828
5,-11738.29033637
6,-11738.29163687
7,-11738.29236944
8,-11738.29275585
9,-11738.29298814
10,-11738.29319948
11,-11738.2933509
12,-11738.29347625
13,-11738.29358104
14,-11738.29367408
15,-11738.29376267
16,-11738.29384731
17,-11738.29393352
18,-11738.29402714
19,-11738.29412623
