step,energy_ry
1,-11738.31236519
2,-11738.31833523
3,-11738.32198172
4,-11738.32505956
5,-11738.32816229
6,-11738.3304239
7,-11738.33137156
8,-11738.33250268
9,-11738.33367046
10,-11738.33413699
11,-11738.33461854
12,-11738.33519082
13,-11738.33557761
14,-11738.33594348
15,-11738.33634984
16,-11738.33675217
17,-11738.33712201
18,-11738.33749459
19,-11738.33786373
20,-11738.33827746
21,-11738.33866305
22,-11738.3390507
23,-11738.3393581
24,-11738.33962884
25,-11738.33984519
26,-11738.34004113
