step,energy_ry
1,-11738.31236519
2,-11738.31833523
3,-11738.32198172
