step,energy_ry
91,-11738.22345701
27,-11738.23984279
30,-11738.24472681
29,-11738.2476871
26,-11738.24882403
29,-11738.25014629
28,-11738.25136977
30,-11738.25237834
32,-11738.25288131
33,-11738.25343113
33,-11738.25408521
31,-11738.25460031
32,-11738.25512552
32,-11738.25569144
37,-11738.25616623
32,-11738.25654965
37,-11738.2570098
34,-11738.2574639
