step,energy_ry
1,-6197.07860672
2,-6197.15736422
3,-6197.20304566
4,-6197.24458507
5,-6197.26952509
6,-6197.27997528
7,-6197.28813945
8,-6197.29622952
9,-6197.30561993
10,-6197.31499385
