step,energy_ry
91,-11738.22345701
27,-11738.23984279
30,-11738.24472681
29,-11738.2476871
