step,energy_ry
1,-11737.96705333
2,-11738.15200431
3,-11738.17391425
4,-11738.19015424
5,-11738.20248967
6,-11738.20894256
7,-11738.21497469
8,-11738.21921055
