step,scf_accuracy_ry
1,111.18029994
2,120.17130949
3,47.48311817
4,22.80052671
5,29.86998765
6,20.23636978
7,18.97011088
8,9.04559444
9,14.45558635
10,10.61073223
11,8.78850108
12,5.45817449
13,5.24619706
14,3.00531684
15,0.90080571
16,1.24208927
17,0.49917585
18,0.40952046
19,0.28498931
20,0.23796419
21,0.10415397
22,0.07313246
23,0.04291256
24,0.05258566
25,0.03087388
26,0.02207367
