step,scf_accuracy_ry
1,116.00053967
2,126.72377209
3,45.7723703
4,22.29005187
5,26.29313957
6,22.47017725
7,14.2396709
8,10.07141457
9,6.2370905
10,6.27374068
11,4.83786561
12,2.74620595
13,1.85648768
14,1.59341318
15,2.22230815
16,0.77718522
17,0.48456974
18,0.93023758
19,0.36321517
20,0.29097352
21,0.13674334
22,0.13036286
23,0.07565539
24,0.10347855
25,0.04134587
26,0.03731795
27,0.02518198
28,0.01756051
29,0.01723771
30,0.01752723
31,0.01654044
32,0.01726629
33,0.00782487
34,0.00397777
