step,scf_accuracy_ry
1,127.92220202
2,155.95481283
3,46.97297653
4,21.5505115
5,29.04747795
6,22.81559066
