step,scf_accuracy_ry
1,116.00053967
2,126.72377209
