step,scf_accuracy_ry
1,115.14992973
2,125.33860043
3,45.42222049
4,22.45201694
5,26.35933189
6,22.53894067
7,13.97003026
8,8.57642319
9,6.18566812
10,6.25677871
11,5.33294241
12,13.10427899
13,10.49167629
14,6.52396871
15,9.07559672
16,11.06175198
17,8.00517338
18,12.20774682
19,5.11966624
