step,scf_accuracy_ry
1,111.02369816
2,119.78950947
3,45.60020254
4,22.66946958
5,26.92888098
6,22.52269481
7,14.82312209
8,7.94115094
9,6.84571573
10,6.72247831
11,3.93097807
12,5.20348763
13,1.84615969
14,0.75475001
15,1.36048282
16,0.55302615
