step,scf_accuracy_ry
1,115.14992973
2,125.33860043
3,45.42222049
4,22.45201694
