step,scf_accuracy_ry
1,116.00053967
2,126.72377209
3,45.7723703
4,22.29005187
5,26.29313957
6,22.47017725
7,14.2396709
8,10.07141457
9,6.2370905
10,6.27374068
11,4.83786561
12,2.74620595
13,1.85648768
14,1.59341318
15,2.22230815
16,0.77718522
17,0.48456974
