step,total_force_ry_bohr
1,0.075839
2,0.047725
3,0.038259
4,0.033879
5,0.029837
6,0.025651
7,0.018771
8,0.013406
9,0.012181
10,0.011547
11,0.010108
12,0.008604
13,0.00801
14,0.007655
15,0.007523
16,0.007811
17,0.007777
18,0.007535
19,0.007593
