step,total_force_ry_bohr
1,0.664454
2,0.473819
3,0.375474
4,0.369907
5,0.236173
6,0.20937
7,0.285048
8,0.2501
9,0.129553
10,0.105271
11,0.082565
12,0.06877
13,0.064453
14,0.06178
15,0.058284
16,0.056606
17,0.056758
18,0.067732
19,0.068121
20,0.075413
21,0.088029
