step,total_force_ry_bohr
1,0.11477
2,0.071449
3,0.050292
4,0.037218
5,0.028769
6,0.030786
7,0.029191
