step,total_force_ry_bohr
1,16.945642
2,2.169485
3,2.121888
4,1.032057
5,0.922844
6,0.800445
7,5.34081
8,0.714743
9,0.548754
10,0.360451
11,0.213513
12,0.135404
13,0.118534
14,0.086385
15,0.073159
16,0.077724
17,0.083418
18,0.088465
