step,total_force_ry_bohr
1,0.677129
2,0.414073
3,0.255049
4,0.224086
