step,total_force_ry_bohr
1,0.489714
2,0.398769
3,0.22782
4,0.152387
5,0.076056
6,0.073271
7,0.072461
8,0.049849
9,0.035224
10,0.033371
11,0.037376
12,0.039342
13,0.042163
14,0.04456
15,0.045202
16,0.048526
17,0.056245
18,0.109795
