step,total_force_ry_bohr
87,0.043273
21,0.039002
29,0.023492
29,0.023776
