step,total_force_ry_bohr
1,0.489714
2,0.398769
3,0.22782
