step,total_force_ry_bohr
1,0.075839
2,0.047725
3,0.038259
4,0.033879
5,0.029837
