step,total_force_ry_bohr
91,0.155014
27,0.07745
30,0.102833
29,0.050092
