step,total_force_ry_bohr
91,0.013652
15,0.013253
33,0.009822
30,0.01001
31,0.00867
31,0.008837
32,0.009144
31,0.008367
37,0.007417
30,0.007569
33,0.008275
37,0.0088
37,0.008772
36,0.009105
40,0.0098
