step,total_force_ry_bohr
90,4.144152
45,0.988146
77,0.533995
72,0.434083
33,0.298473
31,0.175855
28,0.133758
25,0.104685
28,0.077361
31,0.052759
35,0.049508
33,0.049453
38,0.044658
36,0.038497
39,0.037031
