step,total_force_ry_bohr
1,0.677129
2,0.414073
3,0.255049
4,0.224086
5,0.216446
6,0.158529
7,0.103742
8,0.084645
9,0.072827
10,0.059824
11,0.051355
