step,total_force_ry_bohr
1,0.519125
2,0.525266
3,0.283359
4,0.201818
5,0.094639
6,0.102647
7,0.073321
