step,total_force_ry_bohr
1,0.483401
2,0.253275
3,0.144215
4,0.124641
5,0.085975
6,0.067327
7,0.058739
8,0.065219
9,0.057912
10,0.048238
11,0.047847
12,0.04849
13,0.045545
14,0.043509
15,0.047411
16,0.051571
17,0.053708
18,0.049229
19,0.045475
20,0.045954
21,0.042559
22,0.03876
23,0.033809
24,0.031073
25,0.029847
26,0.027984
