step,total_force_ry_bohr
1,16.945642
2,2.169485
3,2.121888
