step,total_force_ry_bohr
1,0.664454
2,0.473819
3,0.375474
4,0.369907
