step,total_force_ry_bohr
1,0.414774
2,0.240458
3,0.224795
