step,total_force_ry_bohr
87,0.043273
21,0.039002
29,0.023492
29,0.023776
27,0.016316
29,0.017236
29,0.015143
34,0.011521
30,0.010341
