step,total_force_ry_bohr
91,0.013652
15,0.013253
33,0.009822
30,0.01001
31,0.00867
31,0.008837
32,0.009144
