step,total_force_ry_bohr
1,0.414774
2,0.240458
3,0.224795
4,0.154064
5,0.117691
6,0.096376
7,0.0771
8,0.074641
9,0.070654
10,0.065665
11,0.059509
12,0.049548
13,0.045901
14,0.055974
15,0.058624
16,0.055565
17,0.055052
18,0.064647
19,0.076127
20,0.094031
21,0.191886
22,0.138214
23,0.104975
24,0.056276
25,0.055877
26,0.063379
27,0.066778
