step,total_force_ry_bohr
1,0.6397
2,0.156159
3,0.105468
4,0.0805
5,0.073341
