step,total_force_ry_bohr
90,4.144152
45,0.988146
77,0.533995
72,0.434083
33,0.298473
31,0.175855
28,0.133758
25,0.104685
