step,total_force_ry_bohr
99,0.393288
36,0.523641
31,0.172557
30,0.096581
35,0.103666
27,0.067517
28,0.045457
33,0.038493
35,0.043847
40,0.055641
30,0.051808
37,0.036975
33,0.044484
32,0.058543
32,0.030724
36,0.022631
36,0.031389
31,0.03668
34,0.041015
39,0.049791
41,0.066703
37,0.052234
36,0.056056
