step,total_force_ry_bohr
1,0.6397
2,0.156159
3,0.105468
4,0.0805
5,0.073341
6,0.062065
7,0.05535
8,0.04899
9,0.039906
10,0.036499
11,0.033498
12,0.031064
13,0.030883
14,0.0318
15,0.033243
16,0.035588
17,0.039828
18,0.043086
19,0.044489
20,0.046692
