step,total_force_ry_bohr
1,0.414774
2,0.240458
3,0.224795
4,0.154064
5,0.117691
6,0.096376
7,0.0771
8,0.074641
9,0.070654
10,0.065665
11,0.059509
12,0.049548
13,0.045901
14,0.055974
