step,total_force_ry_bohr
1,0.489714
2,0.398769
3,0.22782
4,0.152387
5,0.076056
6,0.073271
7,0.072461
8,0.049849
