step,total_force_ry_bohr
1,0.483401
2,0.253275
3,0.144215
4,0.124641
5,0.085975
