step,total_force_ry_bohr
1,0.519125
2,0.525266
3,0.283359
4,0.201818
5,0.094639
6,0.102647
7,0.073321
8,0.048498
9,0.035579
10,0.031613
11,0.028331
12,0.027282
13,0.034383
14,0.034344
15,0.031509
16,0.029495
17,0.031677
18,0.043606
19,0.049767
20,0.033492
21,0.028563
22,0.033906
