step,total_force_ry_bohr
1,0.11477
2,0.071449
3,0.050292
4,0.037218
5,0.028769
6,0.030786
7,0.029191
8,0.022766
9,0.020466
10,0.018517
11,0.017177
12,0.016773
13,0.016942
14,0.015457
15,0.015259
16,0.015204
17,0.015834
18,0.015667
19,0.015669
20,0.015173
21,0.015856
22,0.015506
23,0.015209
24,0.011832
25,0.010749
26,0.011518
27,0.01089
28,0.00794
29,0.007304
30,0.007927
31,0.008437
32,0.007979
33,0.006796
