step,total_force_ry_bohr
99,0.393288
36,0.523641
31,0.172557
30,0.096581
