step,total_force_ry_bohr
91,0.155014
27,0.07745
30,0.102833
29,0.050092
26,0.028937
29,0.025994
28,0.028405
30,0.026312
32,0.021191
33,0.017655
33,0.021263
31,0.021643
32,0.018838
32,0.016958
37,0.017089
32,0.018139
