step,total_force_ry_bohr
87,0.043273
21,0.039002
29,0.023492
29,0.023776
27,0.016316
29,0.017236
29,0.015143
34,0.011521
30,0.010341
31,0.010774
30,0.01079
35,0.009418
33,0.009264
37,0.010347
37,0.01072
34,0.009895
