step,total_force_ry_bohr
99,0.393288
36,0.523641
31,0.172557
30,0.096581
35,0.103666
27,0.067517
28,0.045457
33,0.038493
35,0.043847
