step,total_force_ry_bohr
1,0.677129
2,0.414073
3,0.255049
4,0.224086
5,0.216446
6,0.158529
7,0.103742
8,0.084645
9,0.072827
10,0.059824
11,0.051355
12,0.049183
13,0.055558
14,0.064355
15,0.076389
16,0.09487
17,0.125599
18,0.127047
19,0.117684
20,0.111862
21,0.111789
22,0.101177
