step,energy_ry
113,-10090.43278064
31,-10090.43938878
