step,energy_ry
4,-10090.53750003
9,-10090.53750273
27,-10090.53750674
