step,energy_ry
113,-10090.43278064
31,-10090.43938878
36,-10090.44529623
42,-10090.45179508
