step,energy_ry
113,-10090.43278064
31,-10090.43938878
36,-10090.44529623
42,-10090.45179508
49,-10090.4535677
40,-10090.45444789
46,-10090.45536613
42,-10090.45606882
51,-10090.45682523
51,-10090.45746899
41,-10090.45796785
47,-10090.45864795
47,-10090.45966862
48,-10090.46098839
56,-10090.46216388
38,-10090.46395192
37,-10090.46536856
37,-10090.46735933
49,-10090.4699495
48,-10090.47376983
51,-10090.47861733
