step,energy_ry
113,-10090.43278064
31,-10090.43938878
36,-10090.44529623
42,-10090.45179508
49,-10090.4535677
40,-10090.45444789
46,-10090.45536613
