step,gradient_error_ry_bohr
4,0.00078
9,0.00075
27,0.00028
