step,scf_accuracy_ry
1,41.97652946
2,52.40625231
3,29.56134037
4,54.47379294
5,23.1979714
6,23.63258496
7,9.01446811
8,7.48791184
9,5.00554682
10,4.46998885
11,1.19641897
12,0.51863446
13,0.38154238
14,1.02516978
15,0.40855435
16,0.34434278
17,0.27070096
18,0.07118371
