step,scf_accuracy_ry
1,2.72e-06
2,9.466e-05
3,1.329e-05
4,5e-08
1,0.00027551
2,0.00449976
3,0.00217588
4,3.126e-05
