step,scf_accuracy_ry
1,2.72e-06
2,9.466e-05
3,1.329e-05
4,5e-08
1,0.00027551
2,0.00449976
3,0.00217588
4,3.126e-05
5,6.3e-07
6,5.3e-07
7,5e-07
8,6e-07
9,1.9e-07
1,0.00048019
2,0.00636057
3,0.00291964
4,4.166e-05
5,1.33e-06
6,5.5e-07
7,4.8e-07
8,4.1e-07
9,3.7e-07
10,1e-07
11,8e-08
12,9e-08
13,6e-08
14,3.1e-07
15,1.6e-07
16,2e-08
17,2e-08
18,1e-08
19,9.7e-09
20,6.4e-09
21,5.1e-09
22,3.4e-09
23,3.8e-09
24,7.7e-09
25,2e-08
26,2.1e-09
27,9.6e-10
