step,total_force_ry_bohr
113,0.090512
31,0.079157
36,0.069692
42,0.038606
49,0.038324
40,0.022058
46,0.017449
42,0.015638
