step,total_force_ry_bohr
113,0.090512
31,0.079157
