step,total_force_ry_bohr
113,0.090512
31,0.079157
36,0.069692
42,0.038606
49,0.038324
40,0.022058
46,0.017449
42,0.015638
51,0.015097
51,0.020628
41,0.025033
47,0.031386
47,0.043145
