step,total_force_ry_bohr
4,0.002103
9,0.001704
27,0.001164
