step,energy_ry
91,-10339.99089216
11,-10339.99089839
29,-10339.99091
28,-10339.99091722
