step,energy_ry
78,-10339.87822372
39,-10339.90228047
