step,energy_ry
118,-14765.47205929
80,-14765.53620029
