step,energy_ry
91,-14765.47205925
80,-14765.53619766
51,-14765.54834678
52,-14765.55936224
42,-14765.56390415
47,-14765.5679169
53,-14765.57034201
45,-14765.57209853
49,-14765.57391254
43,-14765.57551952
48,-14765.57675921
38,-14765.57793137
43,-14765.57931071
