step,energy_ry
118,-14765.47205929
80,-14765.53620029
58,-14765.54835554
72,-14765.55936051
52,-14765.56390501
60,-14765.56791565
61,-14765.57034037
61,-14765.5720996
57,-14765.57392008
66,-14765.57551654
48,-14765.57676423
46,-14765.5779414
63,-14765.57930586
62,-14765.58065855
57,-14765.58210372
