step,energy_ry
78,-10339.87822372
39,-10339.90228047
37,-10339.91454105
42,-10339.92021526
38,-10339.92475263
36,-10339.92679703
37,-10339.92822378
36,-10339.92948868
37,-10339.93074116
44,-10339.93188287
