step,energy_ry
1,-14765.45433317
2,-14765.53689112
3,-14765.55294274
4,-14765.56220299
