step,energy_ry
4,-10339.9779258
18,-10339.97796063
28,-10339.97799146
31,-10339.97802626
32,-10339.97806031
33,-10339.97809016
32,-10339.97811654
33,-10339.97815654
32,-10339.9781985
39,-10339.97824041
37,-10339.97827718
37,-10339.97831993
41,-10339.97838429
37,-10339.97844988
38,-10339.97850706
41,-10339.97858768
39,-10339.97869201
43,-10339.97881898
43,-10339.97893655
43,-10339.97904843
47,-10339.97918373
42,-10339.97933209
42,-10339.97952569
42,-10339.97971904
51,-10339.9798795
