step,energy_ry
91,-10339.99089216
11,-10339.99089839
29,-10339.99091
28,-10339.99091722
31,-10339.99092201
27,-10339.99092908
27,-10339.99093761
28,-10339.99094179
22,-10339.99094447
