step,energy_ry
72,-10339.87827638
35,-10339.9022033
41,-10339.91453416
44,-10339.92030048
41,-10339.92487512
39,-10339.92693183
39,-10339.92838134
41,-10339.92961196
45,-10339.93081361
42,-10339.93199117
43,-10339.93288005
