step,energy_ry
91,-14765.47205925
80,-14765.53619766
51,-14765.54834678
52,-14765.55936224
