step,energy_ry
1,-14765.45433317
2,-14765.53689112
3,-14765.55294274
4,-14765.56220299
5,-14765.56705255
6,-14765.57360074
7,-14765.57896977
8,-14765.58234539
9,-14765.58509574
10,-14765.58800568
