step,energy_ry
1,-14765.45433317
2,-14765.53689112
