step,energy_ry
72,-10339.87827638
35,-10339.9022033
37,-10339.91453414
38,-10339.92029896
