step,energy_ry
72,-10339.87827638
35,-10339.9022033
41,-10339.91453416
44,-10339.92030048
41,-10339.92487512
39,-10339.92693183
39,-10339.92838134
41,-10339.92961196
45,-10339.93081361
42,-10339.93199117
43,-10339.93288005
41,-10339.93397152
42,-10339.93508026
41,-10339.93633018
43,-10339.93746683
41,-10339.93874443
49,-10339.93989961
38,-10339.94199438
46,-10339.94401435
40,-10339.94600769
42,-10339.94753296
37,-10339.9500797
47,-10339.9522932
43,-10339.9532224
