step,energy_ry
78,-10339.87822372
39,-10339.90228047
37,-10339.91454105
42,-10339.92021526
