step,energy_ry
91,-14765.47205925
80,-14765.53619766
51,-14765.54834678
52,-14765.55936224
42,-14765.56390415
47,-14765.5679169
53,-14765.57034201
45,-14765.57209853
