step,energy_ry
72,-10339.87827638
35,-10339.9022033
