step,energy_ry
4,-10339.9779258
18,-10339.97796063
28,-10339.97799146
31,-10339.97802626
32,-10339.97806031
