step,energy_ry
118,-14765.47205929
80,-14765.53620029
58,-14765.54835554
72,-14765.55936051
52,-14765.56390501
60,-14765.56791565
