step,energy_ry
1,-14765.47205927
2,-14765.53620032
