step,gradient_error_ry_bohr
91,0.00095
11,0.00076
29,0.0009
