step,gradient_error_ry_bohr
91,0.00095
11,0.00076
29,0.0009
28,0.00061
31,0.0013
27,0.00059
