step,scf_accuracy_ry
1,45.05029418
2,55.79598487
3,29.60217391
4,105.50501429
5,21.96930574
6,19.61322042
7,11.17023971
8,9.69860739
9,7.11811059
10,3.68183255
11,2.00164743
12,2.85084731
13,0.88733099
14,0.56625241
15,0.5169532
16,0.37002846
17,0.31615636
18,0.11020543
19,0.04180752
20,0.04557593
21,0.02758876
22,0.02183322
23,0.01738068
24,0.02237611
25,0.0316093
26,0.01727295
27,0.009439
