step,scf_accuracy_ry
1,72.45766487
2,108.70343435
3,41.06246005
4,263.90101503
5,42.89324056
