step,scf_accuracy_ry
1,72.44766667
2,58.99870424
3,43.09533134
4,112.46668925
5,30.16991055
6,24.23940898
7,16.13515763
8,11.47062068
9,15.46290343
10,8.39582976
11,8.20775173
12,5.56938367
13,3.11136681
14,7.88111521
15,1.71002672
16,1.62697583
17,0.37325583
18,0.28825387
19,0.22549535
20,0.17211871
21,0.10920593
22,0.09386661
23,0.0560817
