step,scf_accuracy_ry
1,72.4545905
2,47.04623279
3,44.18224138
4,66.2616642
5,24.79360852
6,18.81167025
7,16.59049473
8,11.60799649
9,33.42479602
10,28.21663359
11,29.62005457
12,6.64938843
13,9.81371611
