step,scf_accuracy_ry
1,72.4545905
2,47.04623279
3,44.18224138
4,66.2616642
5,24.79360852
6,18.81167025
7,16.59049473
8,11.60799649
9,33.42479602
