step,scf_accuracy_ry
1,72.45766487
2,108.70343435
3,41.06246005
4,263.90101503
5,42.89324056
6,34.60064941
7,15.05536047
8,13.02811138
9,11.93510016
10,23.30851584
11,9.35694345
12,4.80774472
13,2.95297851
14,10.17369109
15,12.27523332
16,2.69105555
17,1.57999511
18,1.18789421
19,0.37902871
20,0.16302512
21,0.13751713
