step,scf_accuracy_ry
1,72.4545905
2,47.04623279
3,44.18224138
4,66.2616642
5,24.79360852
6,18.81167025
7,16.59049473
8,11.60799649
9,33.42479602
10,28.21663359
11,29.62005457
12,6.64938843
13,9.81371611
14,3.27181589
15,2.15550572
16,0.79045734
17,0.50222123
18,0.39958881
19,0.3151497
20,0.16997797
21,0.12388177
22,0.09795434
23,0.06847287
24,0.05690975
25,0.03607213
26,0.02790698
27,0.02169821
28,0.01700893
29,0.01424645
30,0.01124853
31,0.00751762
32,0.0057711
