step,scf_accuracy_ry
1,72.4545905
2,277.15696377
3,37.33022256
4,726.21925771
5,222.8595999
6,72.71527198
7,32.49879955
8,59.92137373
9,23.90622176
10,30.90033789
11,20.36125368
12,27.25986562
13,30.13796366
14,33.16670696
15,21.93039166
16,89.9551573
17,3.74306824
18,3.19375807
19,5.76870826
20,3.88993677
21,1.16291551
22,1.67549858
23,1.29896117
24,1.68799306
25,1.51435568
26,0.95814209
27,1.06646081
28,0.58882099
29,0.7131171
