step,scf_accuracy_ry
1,1.108e-05
2,0.00069394
3,1.447e-05
4,1.2e-07
1,0.00057275
2,0.00633782
3,0.00379197
4,8.117e-05
5,3.31e-06
6,3.32e-06
7,3.37e-06
8,3.73e-06
9,6.48e-06
10,3.63e-06
11,9.8e-07
12,6.4e-07
13,6.9e-07
14,6.8e-07
15,3.6e-07
16,2.4e-07
17,2.3e-07
