step,scf_accuracy_ry
1,72.44766667
2,58.99870424
3,43.09533134
4,112.46668925
5,30.16991055
6,24.23940898
7,16.13515763
8,11.47062068
