step,scf_accuracy_ry
1,44.97999929
2,56.28307899
3,31.32979907
4,62.50432749
5,21.82155668
6,22.66798914
7,10.46986616
8,6.31388516
