step,scf_accuracy_ry
1,72.45766487
2,108.70343435
3,41.06246005
4,263.90101503
5,42.89324056
6,34.60064941
7,15.05536047
8,13.02811138
9,11.93510016
10,23.30851584
