step,scf_accuracy_ry
1,72.4545905
2,277.15696377
3,37.33022256
4,726.21925771
5,222.8595999
6,72.71527198
7,32.49879955
8,59.92137373
9,23.90622176
10,30.90033789
11,20.36125368
12,27.25986562
13,30.13796366
