step,scf_accuracy_ry
1,72.4545905
2,277.15696377
3,37.33022256
4,726.21925771
