step,scf_accuracy_ry
1,72.44766667
2,58.99870424
3,43.09533134
