step,scf_accuracy_ry
1,45.38932381
2,56.45885938
3,29.56067102
4,107.03510295
5,21.99195781
6,18.41989481
