step,scf_accuracy_ry
1,45.05029418
2,55.79598487
