step,scf_accuracy_ry
1,72.45766487
2,706.40773965
3,34.70770664
4,1472.71471692
5,458.92159286
6,223.38112545
7,79.07777774
8,114.92107442
9,102.11980466
10,61.7857633
