step,total_force_ry_bohr
72,0.198541
35,0.116149
41,0.079181
44,0.064742
41,0.046539
39,0.037306
39,0.035713
41,0.033625
45,0.028268
42,0.0252
43,0.02615
41,0.028845
42,0.031715
41,0.028685
43,0.032574
41,0.035453
49,0.047052
