step,total_force_ry_bohr
78,0.199172
39,0.116267
37,0.079354
42,0.065001
