step,total_force_ry_bohr
1,0.383392
2,0.123923
3,0.075974
4,0.069396
5,0.064615
6,0.062997
7,0.069999
