step,total_force_ry_bohr
118,0.361912
80,0.123255
58,0.092841
72,0.069098
52,0.055821
60,0.0416
61,0.036489
61,0.035063
57,0.03354
66,0.031477
48,0.029157
46,0.029735
