step,total_force_ry_bohr
91,0.361901
80,0.123189
51,0.092832
52,0.06913
42,0.05577
47,0.041586
53,0.036584
45,0.03521
49,0.033542
43,0.03135
48,0.029226
38,0.029682
43,0.031441
42,0.031918
