step,total_force_ry_bohr
91,0.361901
80,0.123189
51,0.092832
52,0.06913
42,0.05577
47,0.041586
