step,total_force_ry_bohr
1,0.383392
2,0.123923
3,0.075974
