step,total_force_ry_bohr
118,0.361912
80,0.123255
