step,total_force_ry_bohr
91,0.002972
11,0.002594
29,0.002285
28,0.00216
31,0.002847
