step,total_force_ry_bohr
78,0.199172
39,0.116267
37,0.079354
42,0.065001
38,0.047818
36,0.040317
37,0.037498
36,0.030354
37,0.027303
44,0.025573
40,0.026771
41,0.029442
39,0.032152
37,0.02881
42,0.032677
38,0.034839
43,0.044841
39,0.042817
44,0.045856
39,0.045178
41,0.055784
41,0.050348
38,0.029741
38,0.050103
35,0.031659
32,0.02473
39,0.021954
42,0.021126
38,0.024352
44,0.030211
39,0.03244
40,0.034009
47,0.127827
45,0.038839
43,0.041238
