step,total_force_ry_bohr
72,0.198541
35,0.116149
37,0.079168
38,0.064737
41,0.046497
41,0.037362
33,0.03572
41,0.033569
39,0.028308
