step,total_force_ry_bohr
4,0.00656
18,0.005295
28,0.004225
31,0.003638
32,0.004052
33,0.006365
32,0.005499
33,0.005278
32,0.004561
39,0.004649
37,0.005611
37,0.006057
41,0.005845
37,0.005894
38,0.006608
41,0.007929
39,0.008696
43,0.008466
43,0.00843
43,0.008915
47,0.009999
