step,total_force_ry_bohr
91,0.002972
11,0.002594
29,0.002285
