step,energy_ry
1,-7418.40512051
2,-7418.4369051
