step,energy_ry
1,-7418.40512051
2,-7418.4369051
3,-7418.45176672
4,-7418.46529886
5,-7418.47037196
6,-7418.47802683
7,-7418.48235344
8,-7418.48446401
9,-7418.48659144
10,-7418.48864332
11,-7418.49024922
12,-7418.4919554
13,-7418.49329656
14,-7418.49436341
