step,energy_ry
1,-7418.40512051
2,-7418.4369051
3,-7418.45176672
4,-7418.46529886
5,-7418.47037196
6,-7418.47802683
