step,total_force_ry_bohr
1,0.265504
2,0.18282
3,0.084358
4,0.071444
5,0.073172
6,0.057965
