step,total_force_ry_bohr
1,0.265504
2,0.18282
3,0.084358
4,0.071444
5,0.073172
6,0.057965
7,0.05219
8,0.036617
9,0.035043
10,0.039308
11,0.039443
12,0.037056
13,0.03152
14,0.024515
15,0.019773
16,0.019923
17,0.019798
