step,energy_ry
1,-7275.55691515
2,-7275.55935695
3,-7275.5753111
4,-7275.57712932
5,-7275.57824157
