step,energy_ry
1,-7275.55691515
2,-7275.55935695
3,-7275.5753111
4,-7275.57712932
5,-7275.57824157
6,-7275.5793911
7,-7275.58077059
8,-7275.58248514
9,-7275.58472029
10,-7275.58770452
11,-7275.59195902
12,-7275.59702253
