step,energy_ry
1,-7275.55691515
2,-7275.55935695
