step,total_force_ry_bohr
1,0.245744
2,0.333628
3,0.072596
4,0.033936
5,0.025639
6,0.03422
7,0.042978
8,0.047391
9,0.052475
10,0.072763
11,0.100346
12,0.089005
