step,total_force_ry_bohr
1,0.245744
2,0.333628
3,0.072596
