step,energy_ry
43,-283.03393596
12,-283.03348012
17,-283.03421216
35,-283.03431164
20,-283.03441018
23,-283.03447788
16,-283.03451367
17,-283.03456589
13,-283.03462142
21,-283.03469878
17,-283.03479598
33,-283.03490014
19,-283.03496543
20,-283.03500989
22,-283.03506734
29,-283.03514372
30,-283.03520606
30,-283.03528345
26,-283.03534686
30,-283.03540737
20,-283.03546658
22,-283.03554587
