step,energy_ry
43,-283.03393596
12,-283.03348012
17,-283.03421216
35,-283.03431164
20,-283.03441018
