step,gradient_error_ry_bohr
43,0.02
12,0.039
17,0.0068
35,0.0039
20,0.0042
23,0.0025
16,0.0018
17,0.0024
13,0.0035
21,0.0042
17,0.0043
33,0.0032
19,0.0019
20,0.0018
22,0.002
29,0.003
30,0.0029
30,0.002
26,0.0027
30,0.0032
20,0.0026
22,0.0024
32,0.0021
32,0.0021
24,0.0016
24,0.0018
25,0.0011
20,0.0012
23,0.001
15,0.00085
17,0.00082
21,0.001
18,0.0012
20,0.0011
18,0.0009
23,0.00092
15,0.00075
19,0.00096
25,0.0012
