step,scf_accuracy_ry
1,2.33015669
2,1.70686942
3,0.27628994
4,0.84747056
5,0.87032764
6,0.92141856
7,0.9433512
8,1.46443843
9,1.54321267
10,1.56013377
11,1.51667048
12,1.2160752
