step,total_force_ry_bohr
43,0.037608
12,0.072687
17,0.011934
35,0.008109
20,0.007078
