step,total_force_ry_bohr
43,0.037608
12,0.072687
17,0.011934
35,0.008109
20,0.007078
23,0.006669
16,0.005608
17,0.006478
13,0.007334
21,0.007947
17,0.007944
33,0.007142
19,0.005971
20,0.005363
22,0.005983
29,0.007608
30,0.007559
30,0.006523
26,0.007564
30,0.007624
20,0.007725
22,0.006331
