step,energy_ry
95,-10372.2327183
51,-10372.2611974
