step,energy_ry
95,-10372.2327183
51,-10372.2611974
51,-10372.28447696
80,-10372.2803517
57,-10372.28915245
47,-10372.28999229
38,-10372.29152946
42,-10372.29282425
47,-10372.29404497
41,-10372.29512665
48,-10372.29619344
51,-10372.29751228
