step,energy_ry
95,-10372.2327183
51,-10372.2611974
51,-10372.28447696
80,-10372.2803517
57,-10372.28915245
