step,scf_accuracy_ry
1,44.31499261
2,57.01738038
3,46.8216011
