step,scf_accuracy_ry
1,44.31499261
2,57.01738038
3,46.8216011
4,33.44993344
5,25.54033624
6,16.04507301
7,17.16217598
8,7.13844908
9,6.6882389
10,4.71796531
11,2.9018467
12,1.62543608
13,0.86247964
14,3.22592024
15,0.64344765
16,0.51430003
17,0.48821191
18,0.25200006
19,0.07499936
20,0.04782066
21,0.03461046
22,0.02468827
23,0.02440295
24,0.01376037
25,0.0427516
26,0.01712153
27,0.01535379
28,0.00689586
29,0.00668506
30,0.00588088
31,0.00449885
32,0.00688712
33,0.00237708
