step,total_force_ry_bohr
95,0.172931
51,0.155514
51,0.083626
80,0.181447
57,0.033212
47,0.0343
38,0.032178
42,0.026045
47,0.021253
41,0.02597
48,0.031866
51,0.037006
65,0.048018
66,0.073351
75,0.121936
74,0.170522
57,0.164894
52,0.14929
57,0.113891
