step,total_force_ry_bohr
95,0.172931
51,0.155514
51,0.083626
