step,total_force_ry_bohr
95,0.172931
51,0.155514
51,0.083626
80,0.181447
57,0.033212
47,0.0343
38,0.032178
42,0.026045
47,0.021253
41,0.02597
48,0.031866
