step,energy_ry
1,-7418.58246239
2,-7418.58274793
3,-7418.58305933
4,-7418.58331104
5,-7418.58357353
6,-7418.58373719
7,-7418.58394301
