step,energy_ry
1,-7418.3960765
2,-7418.41305753
3,-7418.42521752
