step,energy_ry
1,-7418.42575201
2,-7418.4427073
3,-7418.45870252
4,-7418.47156083
