step,energy_ry
1,-7418.3960765
2,-7418.41305753
3,-7418.42521752
4,-7418.43684656
5,-7418.44439975
6,-7418.4489551
7,-7418.45348354
8,-7418.45838062
9,-7418.46150486
10,-7418.46263907
11,-7418.46404003
12,-7418.46527732
13,-7418.46627736
14,-7418.46713945
15,-7418.46842641
16,-7418.46959068
17,-7418.47075828
18,-7418.47197389
