step,energy_ry
1,-7418.58246239
2,-7418.58274793
3,-7418.58305933
