step,energy_ry
1,-7418.42575201
2,-7418.4427073
