step,energy_ry
1,-7418.42575201
2,-7418.4427073
3,-7418.45870252
4,-7418.47156083
5,-7418.47972523
6,-7418.48853211
7,-7418.49575232
8,-7418.49865228
9,-7418.5018641
10,-7418.50344847
11,-7418.50540753
12,-7418.50752065
