step,energy_ry
1,-7418.3960765
2,-7418.41305753
3,-7418.42521752
4,-7418.43684656
5,-7418.44439975
6,-7418.4489551
7,-7418.45348354
