step,total_force_ry_bohr
1,0.015705
2,0.021908
3,0.015461
