step,total_force_ry_bohr
1,0.147711
2,0.111569
3,0.089303
