step,total_force_ry_bohr
1,0.172242
2,0.132152
3,0.118816
4,0.098058
