step,total_force_ry_bohr
1,0.172242
2,0.132152
3,0.118816
4,0.098058
5,0.076271
6,0.061367
7,0.061678
8,0.048711
