step,total_force_ry_bohr
1,0.015705
2,0.021908
3,0.015461
4,0.015871
5,0.014514
6,0.016318
7,0.014107
8,0.013439
9,0.013722
10,0.014064
11,0.013912
12,0.019351
13,0.030581
