step,total_force_ry_bohr
1,0.015705
2,0.021908
3,0.015461
4,0.015871
5,0.014514
6,0.016318
7,0.014107
8,0.013439
