step,total_force_ry_bohr
1,0.147711
2,0.111569
3,0.089303
4,0.072383
5,0.08487
6,0.06266
7,0.046716
