reaction_coordinate,energy_ev,error_ev_ang
0,0,0.0578796518
0.2462915284,0.4950106871,0.3276393142
0.4605727258,0.3525617783,1.151968199
0.7046279768,-0.0858010207,0.3661749275
1,-0.1770957745,0.6067971645
