reaction_coordinate,energy_ev,error_ev_ang
0,0,0.0402237046
0.2543820624,0.0543466074,0.8738545077
0.4628725535,0.0520776867,1.946068033
0.7044960953,-0.0536435859,0.9453908029
1,-0.1167838084,0.1071702915
