reaction_coordinate,energy_ev,error_ev_ang
0,0,0.0402237046
0.2297239715,0.0501368476,0.2359262374
0.4509058683,0.0189495905,0.3240852412
0.6994613883,-0.0521359033,0.1650026857
1,-0.1167838084,0.1071702915
