reaction_coordinate,energy_ev,error_ev_ang
0,0,0.0578796518
0.1781361167,1.731347108,1.0747443
0.4215590722,0.2809728487,0.4683823132
0.7101632558,-0.1476889791,0.356566758
1,-0.1770957752,0.6067971644
