reaction_coordinate,energy_ev,error_ev_ang
0,0,0.0578796518
0.1736150956,0.4419314351,0.8466753987
0.4094657159,-0.0282792312,0.7976967788
0.7003728047,-0.1819709963,1.089682288
1,-0.1770957752,0.6067971644
