reaction_coordinate,energy_ev,error_ev_ang
0,0,0.0578796518
0.2005390323,0.4545033737,1.815953855
0.4162554607,0.092464007,1.992676216
0.6981691304,0.0802501835,4.24685489
1,-0.1770957752,0.6067971644
