reaction_coordinate,energy_ev,error_ev_ang
0,0,0.0578796518
0.2116102385,0.5657731218,1.38348644
0.4295830688,0.5327384833,0.9634790406
0.6848562617,-0.0409857374,0.1922745027
1,-0.1770957752,0.6067971644
