reaction_coordinate,energy_ev,error_ev_ang
0,0,0.0578796518
0.2446962794,0.4723284839,0.9794845667
0.4524967211,0.3379559788,0.669775349
0.6987999773,-0.0789333167,1.957794285
1,-0.1770957745,0.6067971645
