reaction_coordinate,energy_ev,error_ev_ang
0,0,0.0578796518
0.2030062786,0.6439903486,0.9852833248
0.4302639431,0.485022046,0.4336510372
0.6874124655,0.0143293049,0.2850153436
1,-0.1770957752,0.6067971644
