reaction_coordinate,energy_ev,error_ev_ang
0,0,0.0578796518
0.2659734633,0.7725471982,0.5725104797
0.4955186266,0.48412632,1.072295227
0.7307456459,0.4374096669,0.6777143731
1,-0.1770957745,0.6067971645
