reaction_coordinate,energy_ev,error_ev_ang
0,0,0.0578796518
0.2507241832,0.5492192574,1.232367637
0.4703331007,0.3797383289,1.429691062
0.7104839377,-0.009166828,1.166001224
1,-0.1770957745,0.6067971645
