reaction_coordinate,energy_ev,error_ev_ang
0,0,0.0578796518
0.2316512198,0.4530236467,1.340998622
0.4407859186,0.3599457096,1.773111541
0.6960278216,-0.1291448744,1.20180485
1,-0.1770957745,0.6067971645
