reaction_coordinate,energy_ev,error_ev_ang
0,0,0.0578796518
0.1565431554,0.8868904306,0.565737627
0.4042481584,0.0568760909,0.4278589741
0.6993601392,-0.1883744935,0.2109607695
1,-0.1770957752,0.6067971644
