reaction_coordinate,energy_ev,error_ev_ang
0,0,0.0402237047
0.25,0.2868380392,2.660052515
0.5,0.6075784495,2.80450698
0.75,0.3497728515,2.712354234
1,-0.1167838079,0.1071702915
