reaction_coordinate,energy_ev,error_ev_ang
0,0,0.0578796518
0.1724133714,0.4428479464,0.7881095578
0.4097440945,-0.0489692092,0.402596562
0.7004299701,-0.2088280443,0.7181721612
1,-0.1770957752,0.6067971644
