reaction_coordinate,energy_ev,error_ev_ang
0,0,0.0578796518
0.2685834873,0.7912950039,0.6099208614
0.4986817545,0.4872183143,0.5544885595
0.7316353723,0.4583517772,0.555333266
1,-0.1770957745,0.6067971645
