reaction_coordinate,energy_ev,error_ev_ang
0,0,0.0578796518
0.2171761174,0.3643259628,0.1353416047
0.4343601773,0.1058538567,0.0804154029
0.6981529309,-0.2453964195,0.0889776086
1,-0.1770957752,0.6067971644
