reaction_coordinate,energy_ev,error_ev_ang
0,0,0.0578796518
0.2221454219,0.3990786052,1.372654251
0.4381055152,0.12807544,0.3105974014
0.698691765,-0.2394614076,0.4514249591
1,-0.1770957752,0.6067971644
