reaction_coordinate,energy_ev,error_ev_ang
0,0,0.0578796518
0.2759573253,2.620895878,3.313265472
0.5009427566,2.936517715,2.838704882
0.7258433036,2.49270858,2.99999765
1,-0.1770957745,0.6067971645
