reaction_coordinate,energy_ev,error_ev_ang
0,0,0.0578796518
0.2265839871,0.5963390088,2.587452737
0.4404851152,0.1830485103,1.485741324
0.6993896287,-0.1452049184,2.425197203
1,-0.1770957752,0.6067971644
