reaction_coordinate,energy_ev,error_ev_ang
0,0,0.0578796518
0.2182120965,0.3686875207,0.4017257365
0.434748991,0.1108985808,0.1216430008
0.6972408356,-0.2424491129,0.2438426769
1,-0.1770957752,0.6067971644
