reaction_coordinate,energy_ev,error_ev_ang
0,0,0.0578796518
0.2012093025,0.4165599699,1.449514428
0.4270511128,0.0861086926,2.116696258
0.7019156389,-0.0133444591,3.341658707
1,-0.1770957752,0.6067971644
