reaction_coordinate,energy_ev,error_ev_ang
0,0,0.0578796518
0.2279084506,0.3876857649,0.7047786116
0.4408880714,0.1591362456,0.2985444333
0.698892802,-0.2307372547,0.5485085719
1,-0.1770957752,0.6067971644
