reaction_coordinate,energy_ev,error_ev_ang
0,0,0.0578796518
0.2334017678,0.3982396023,0.5256354726
0.4443541879,0.2002767679,0.1281452047
0.6988336144,-0.2074547145,0.391393798
1,-0.1770957752,0.6067971644
