reaction_coordinate,energy_ev,error_ev_ang
0,0,0.0578796518
0.1717487929,0.4360679217,0.2927967805
0.4094156395,-0.0515936664,0.1529396149
0.7005983775,-0.2222533732,0.5966257857
1,-0.1770957752,0.6067971644
