reaction_coordinate,energy_ev,error_ev_ang
0,0,0.0578796518
0.2006614264,0.3656457469,0.3257247867
0.4266682286,0.0403865313,0.9076488953
0.7012192657,-0.233372235,0.8291703983
1,-0.1770957752,0.6067971644
