reaction_coordinate,energy_ev,error_ev_ang
0,0,0.0402237046
0.2574916622,0.0351091271,0.1967780713
0.4637954975,0.0047803909,0.322990187
0.7055775996,-0.075383437,0.5154713058
1,-0.1167838084,0.1071702915
