reaction_coordinate,energy_ev,error_ev_ang
0,0,0.0578796518
0.2176891238,0.369636383,0.5133795426
0.4344523791,0.1087528414,0.2086262244
0.697958792,-0.244415077,0.2028388013
1,-0.1770957752,0.6067971644
