reaction_coordinate,energy_ev,error_ev_ang
0,0,0.0578796518
0.1887585878,0.384644222,0.6910948097
0.4189562145,-0.0209858768,0.9673457724
0.7037505059,-0.2338921125,0.748194533
1,-0.1770957752,0.6067971644
