reaction_coordinate,energy_ev,error_ev_ang
0,0,0.0578796518
0.2016283113,0.6101913071,4.865364769
0.4414599811,0.0500798476,1.424841485
0.7071451952,0.0128048489,3.620868294
1,-0.1770957752,0.6067971644
