reaction_coordinate,energy_ev,error_ev_ang
0,0,0.0578796518
0.2498680066,4.498080686,3.92582687
0.499997585,5.589944822,4.505474931
0.7501924379,4.26021922,3.795970192
1,-0.1770957745,0.6067971645
