reaction_coordinate,energy_ev,error_ev_ang
0,0,0.0578796518
0.2292001919,0.3852520655,0.3175558537
0.4414905513,0.1651393398,0.116080408
0.6988053761,-0.2296938197,0.2565029767
1,-0.1770957752,0.6067971644
