reaction_coordinate,energy_ev,error_ev_ang
0,0,0.0578796518
0.193079383,0.3773781233,0.5544296685
0.4207237101,-0.007958812,0.6123851351
0.7027668203,-0.2264014198,0.9287350716
1,-0.1770957752,0.6067971644
