reaction_coordinate,energy_ev,error_ev_ang
0,0,0.0578796518
0.2166773729,0.3750770805,0.7866378104
0.4343132341,0.1040725165,0.238767056
0.6983687785,-0.2345012521,0.6284309792
1,-0.1770957752,0.6067971644
