reaction_coordinate,energy_ev,error_ev_ang
0,0,0.0578796518
0.2298443005,0.3989105582,1.012044305
0.4418417581,0.1697524632,0.156392682
0.6985172341,-0.2224926064,0.5253873939
1,-0.1770957752,0.6067971644
