reaction_coordinate,energy_ev,error_ev_ang
0,0,0.0578796518
0.1668159687,1.365104309,0.9217478719
0.4134388236,0.1742465107,0.481201691
0.7052863699,-0.1673548647,0.2461770482
1,-0.1770957752,0.6067971644
