reaction_coordinate,energy_ev,error_ev_ang
0,0,0.0578796518
0.1925570678,0.3809846742,0.9130892701
0.4210842055,0.0180190076,1.708596364
0.7024740183,-0.2226328401,0.8774790843
1,-0.1770957752,0.6067971644
