reaction_coordinate,energy_ev,error_ev_ang
0,0,0.0578796518
0.210925418,0.639609038,2.835179217
0.4292186215,0.534232384,1.145747395
0.6844336688,-0.0359437572,0.2920987059
1,-0.1770957752,0.6067971644
