reaction_coordinate,energy_ev,error_ev_ang
0,0,0.0578796518
0.1932233479,0.371956689,0.1216096254
0.4218041158,-0.0130469617,0.4871674474
0.701406057,-0.2376817888,0.5415525285
1,-0.1770957752,0.6067971644
