reaction_coordinate,energy_ev,error_ev_ang
0,0,0.0578796518
0.1728867365,0.5055246816,2.004185486
0.4089775691,0.0271190457,1.282034958
0.7004663384,-0.0432973776,2.964923425
1,-0.1770957752,0.6067971644
