reaction_coordinate,energy_ev,error_ev_ang
0,0,0.0578796518
0.2011253531,0.3835922161,0.9642212013
0.424418017,0.0583746225,1.089783076
0.7012605232,-0.1368359908,2.807079391
1,-0.1770957752,0.6067971644
