reaction_coordinate,energy_ev,error_ev_ang
0,0,0.0578796518
0.2314171194,0.4204365383,1.109268081
0.4433674421,0.185537928,0.2885508814
0.6990236633,-0.2022475246,1.127577013
1,-0.1770957752,0.6067971644
