reaction_coordinate,energy_ev,error_ev_ang
0,0,0.0578796518
0.2039798393,0.5013323722,2.662960887
0.4304842093,0.1114698968,1.924415056
0.704044577,0.3655135611,3.443768889
1,-0.1770957752,0.6067971644
