reaction_coordinate,energy_ev,error_ev_ang
0,0,0.0578796518
0.264351632,0.8460639827,2.350961803
0.492588743,0.6119300615,2.901584866
0.7282634901,0.4595181916,1.54574434
1,-0.1770957745,0.6067971645
