reaction_coordinate,energy_ev,error_ev_ang
0,0,0.0578796518
0.2353338715,0.4325855906,0.9152698763
0.4439834887,0.2844749328,1.014984115
0.6951757801,-0.1579486875,0.8924702109
1,-0.1770957745,0.6067971645
