reaction_coordinate,energy_ev,error_ev_ang
0,0,0.0578796518
0.2026115941,0.3865641658,0.9590614029
0.4287064378,0.031027931,0.2232480119
0.7048925041,-0.1740633454,2.229512724
1,-0.1770957752,0.6067971644
