reaction_coordinate,energy_ev,error_ev_ang
0,0,0.0402237046
0.2569094474,0.0379786535,0.3081276294
0.4629085425,0.0055098464,0.2791975803
0.7040688639,-0.0728427321,0.6030306975
1,-0.1167838084,0.1071702915
