reaction_coordinate,energy_ev,error_ev_ang
0,0,0.0578796518
0.2614180583,1.118663029,3.563294268
0.4873302365,0.5064035321,2.684474343
0.7226044228,0.4543049577,2.303335085
1,-0.1770957745,0.6067971645
