reaction_coordinate,energy_ev,error_ev_ang
0,0,0.0578796518
0.202741631,0.3749206788,0.7150629532
0.4309284071,0.0312597837,0.5093239879
0.7061167368,-0.231426509,0.7429411045
1,-0.1770957752,0.6067971644
