reaction_coordinate,energy_ev,error_ev_ang
0,0,0.0578796518
0.2341492706,0.5141882521,2.373740502
0.4452239093,0.2276584034,0.6730613597
0.6980162042,-0.0640830805,3.153210296
1,-0.1770957752,0.6067971644
