reaction_coordinate,energy_ev,error_ev_ang
0,0,0.0578796518
0.2212740063,0.3685038236,0.172467547
0.4373027586,0.1226866711,0.0832763199
0.6988548197,-0.245603129,0.0698500762
1,-0.1770957752,0.6067971644
