reaction_coordinate,energy_ev,error_ev_ang
0,0,0.0402237046
0.2583624991,0.0299670994,0.0985939466
0.4640839616,-0.0001415464,0.1047502085
0.7053924556,-0.0843012524,0.0974655421
1,-0.1167838084,0.1071702915
