reaction_coordinate,energy_ev,error_ev_ang
0,0,0.0578796518
0.1755156692,0.4373190507,1.247758503
0.4114666813,-0.0480071226,0.4169747927
0.7007925801,-0.2096570164,0.9619481905
1,-0.1770957752,0.6067971644
