reaction_coordinate,energy_ev,error_ev_ang
0,0,0.0402237046
0.2566470547,0.0361322898,0.0528217094
0.4634146323,0.0031558349,0.0787100397
0.7052571558,-0.0787277404,0.0935273983
1,-0.1167838084,0.1071702915
