reaction_coordinate,energy_ev,error_ev_ang
0,0,0.0578796518
0.1742552633,1.622362588,1.047868975
0.4189304862,0.2444821252,0.4871705107
0.7087418104,-0.1548273267,0.3278937703
1,-0.1770957752,0.6067971644
