reaction_coordinate,energy_ev,error_ev_ang
0,0,0.0578796518
0.1976001409,0.3687289356,0.3816720672
0.4234069214,0.0128071458,0.4080182871
0.7012242194,-0.2257387612,0.7862102479
1,-0.1770957752,0.6067971644
