reaction_coordinate,energy_ev,error_ev_ang
0,0,0.0578796518
0.1856020096,1.834911431,1.110242253
0.4255930169,0.3535689621,0.4843880392
0.7116664194,-0.1313002604,0.395827752
1,-0.1770957752,0.6067971644
