reaction_coordinate,energy_ev,error_ev_ang
0,0,0.0578796518
0.2560595078,3.836166775,2.044834732
0.4999420937,4.485528638,2.025071894
0.7444568794,3.778089244,1.79963766
1,-0.1770957745,0.6067971645
