reaction_coordinate,energy_ev,error_ev_ang
0,0,0.0402237046
0.2434979294,0.0517501703,0.4029267469
0.4585786792,0.0268344635,1.055811892
0.701127706,-0.0633490113,0.5852845637
1,-0.1167838084,0.1071702915
