reaction_coordinate,energy_ev,error_ev_ang
0,0,0.0578796518
0.1780394621,0.4089034346,0.3318557032
0.4153631439,-0.0364023237,1.099887879
0.7031701923,-0.22698939,0.5404690462
1,-0.1770957752,0.6067971644
