reaction_coordinate,energy_ev,error_ev_ang
0,0,0.0578796518
0.2215173987,0.3754210425,0.6048074581
0.4373262527,0.1258785438,0.3830443557
0.6990631265,-0.2441517169,0.3124623575
1,-0.1770957752,0.6067971644
