reaction_coordinate,energy_ev,error_ev_ang
0,0,0.0402237046
0.2584575762,0.0327144299,0.3340847437
0.4640698102,0.0033604521,0.4564159279
0.7055606832,-0.0824444765,0.2500956382
1,-0.1167838084,0.1071702915
