reaction_coordinate,energy_ev,error_ev_ang
0,0,0.0578796518
0.250630614,0.5324453392,1.050941667
0.4678743635,0.3639812843,1.157772777
0.7097352473,0.0289596261,1.72951481
1,-0.1770957745,0.6067971645
