reaction_coordinate,energy_ev,error_ev_ang
0,0,0.0578796518
0.2227521368,0.3705148792,0.1469679731
0.4386880886,0.1282037224,0.084674485
0.6996575608,-0.245811362,0.1069586948
1,-0.1770957752,0.6067971644
