reaction_coordinate,energy_ev,error_ev_ang
0,0,0.0402237046
0.256684654,0.0360279328,0.0571170651
0.4634846318,0.0030746113,0.0788108958
0.7054427355,-0.0790467527,0.072397204
1,-0.1167838084,0.1071702915
