reaction_coordinate,energy_ev,error_ev_ang
0,0,0.0578796518
0.1958524043,0.8297585776,1.660577822
0.4259431702,0.457466756,0.2768480586
0.7036462053,-0.0727841545,1.146560987
1,-0.1770957752,0.6067971644
