reaction_coordinate,energy_ev,error_ev_ang
0,0,0.0578796518
0.1995829413,0.364939776,0.2213610174
0.4247237001,0.0171993582,0.199262576
0.700324383,-0.2401309824,0.3293760723
1,-0.1770957752,0.6067971644
