reaction_coordinate,energy_ev,error_ev_ang
0,0,0.0402237046
0.2517829237,0.043149131,0.054802553
0.460888848,0.0068536996,0.0954026266
0.7046522516,-0.073365064,0.0556180698
1,-0.1167838084,0.1071702915
