reaction_coordinate,energy_ev,error_ev_ang
0,0,0.0402237046
0.2585772072,0.0329308159,0.4290364368
0.4641030511,0.0037963969,0.3837833692
0.7052098063,-0.0837273811,0.2194624222
1,-0.1167838084,0.1071702915
