reaction_coordinate,energy_ev,error_ev_ang
0,0,0.0402237046
0.2709015097,0.1673065092,1.908840437
0.4770084492,0.5170364087,8.088421994
0.7101217165,0.212743293,3.4076011
1,-0.1167838084,0.1071702915
