reaction_coordinate,energy_ev,error_ev_ang
0,0,0.0402237046
0.2583538324,0.0337018688,0.2718799309
0.4646743138,0.0091147618,0.5329397555
0.7057425769,-0.0801936452,0.3700184989
1,-0.1167838084,0.1071702915
