reaction_coordinate,energy_ev,error_ev_ang
0,0,0.0402237046
0.2446843152,0.0467826956,0.0804900788
0.4567706806,0.0100451242,0.0802206382
0.7017801069,-0.067802601,0.1320430162
1,-0.1167838084,0.1071702915
