reaction_coordinate,energy_ev,error_ev_ang
0,0,0.0578796518
0.2345050115,0.4231138688,0.7756061796
0.444052193,0.2714377665,0.816445124
0.6962613027,-0.1454980505,0.9933634909
1,-0.1770957752,0.6067971644
