reaction_coordinate,energy_ev,error_ev_ang
0,0,0.0578796518
0.2000925758,0.3653317969,0.433957297
0.4254461074,0.0211456998,0.3891928945
0.7000282673,-0.2407100219,0.2258486328
1,-0.1770957752,0.6067971644
