reaction_coordinate,energy_ev,error_ev_ang
0,0,0.0578796518
0.2745409017,2.16777664,1.925977726
0.5006600669,2.382387438,1.983633182
0.7268489462,2.828759479,11.79654546
1,-0.1770957745,0.6067971645
