reaction_coordinate,energy_ev,error_ev_ang
0,0,0.0402237046
0.2441956399,0.0471285538,0.1252526899
0.4569763833,0.0104790884,0.1688353985
0.7013581542,-0.0672195274,0.1704266872
1,-0.1167838084,0.1071702915
