reaction_coordinate,energy_ev,error_ev_ang
0,0,0.0402237046
0.2584191499,0.0322233349,0.0817528019
0.4647926547,0.0010843369,0.1088979146
0.7058065218,-0.082466451,0.0636975185
1,-0.1167838084,0.1071702915
