reaction_coordinate,energy_ev,error_ev_ang
0,0,0.0578796518
0.2325533463,0.3933480025,0.294749543
0.4433553029,0.1926315376,0.1583673728
0.698076505,-0.2103959835,0.4565474648
1,-0.1770957752,0.6067971644
