reaction_coordinate,energy_ev,error_ev_ang
0,0,0.0578796518
0.2320693733,0.3989757603,0.5805357322
0.4434369798,0.1861068315,0.2023612861
0.6985693596,-0.2012201379,1.05408276
1,-0.1770957752,0.6067971644
