reaction_coordinate,energy_ev,error_ev_ang
0,0,0.0578796518
0.2122049488,0.6382864387,2.058311301
0.4283048479,0.6237059247,2.276848397
0.6837525696,-0.0437538357,0.5447335304
1,-0.1770957752,0.6067971644
