reaction_coordinate,energy_ev,error_ev_ang
0,0,0.0578796518
0.2214507848,0.3686398014,0.1650084014
0.4373183667,0.1236315096,0.0749254231
0.6990065763,-0.2458038643,0.0710571717
1,-0.1770957752,0.6067971644
