reaction_coordinate,energy_ev,error_ev_ang
0,0,0.0402237046
0.2556081958,0.0381706015,0.1496092289
0.4629933006,0.0053000251,0.2060866141
0.7057588938,-0.0776472156,0.0894212359
1,-0.1167838084,0.1071702915
