reaction_coordinate,energy_ev,error_ev_ang
0,0,0.0578796518
0.2353088867,0.4149334375,0.2371722043
0.4439414894,0.265328187,0.2159987271
0.6954104767,-0.1701925892,0.238178908
1,-0.1770957745,0.6067971645
