reaction_coordinate,energy_ev,error_ev_ang
0,0,0.0578796518
0.2732357897,1.539636562,1.957889166
0.5019808343,1.609953213,2.072912183
0.7296434344,1.458218164,2.99477345
1,-0.1770957745,0.6067971645
