reaction_coordinate,energy_ev,error_ev_ang
0,0,0.0578796518
0.1819639542,1.812363758,1.086662924
0.4238622369,0.3173270788,0.4651153373
0.711194972,-0.139853503,0.3758029323
1,-0.1770957752,0.6067971644
