reaction_coordinate,energy_ev,error_ev_ang
0,0,0.0578796518
0.1692591985,0.4516997961,0.3338678309
0.4076742117,-0.0468929655,0.1529357667
0.6990808298,-0.2216539331,0.3982370813
1,-0.1770957752,0.6067971644
