reaction_coordinate,energy_ev,error_ev_ang
0,0,0.0402237046
0.2493715725,0.0468014873,0.3843965873
0.4584747238,0.0150448978,0.667626315
0.70326203,-0.0657423546,0.515929008
1,-0.1167838084,0.1071702915
