reaction_coordinate,energy_ev,error_ev_ang
0,0,0.0578796518
0.1720216164,0.4688515322,1.290072147
0.4096721829,-0.0437515909,0.6933964881
0.7004366459,-0.1809841513,1.512650307
1,-0.1770957752,0.6067971644
