reaction_coordinate,energy_ev,error_ev_ang
0,0,0
0.2585772072,0.0329308169,0
0.4641030511,0.0037963966,0
0.7052098063,-0.083727381,0
1,-0.1167838084,0
