reaction_coordinate,energy_ev,error_ev_ang
0,0,0.0402237046
0.2549006416,0.0427999335,0.2851709444
0.4622121161,0.010084394,0.5830021013
0.7050349429,-0.0729385219,0.3803226988
1,-0.1167838084,0.1071702915
