reaction_coordinate,energy_ev,error_ev_ang
0,0,0.0578796518
0.2209663945,0.36871633,0.2121372406
0.4370750632,0.1214673862,0.0829693046
0.6986473792,-0.2450144355,0.1629542232
1,-0.1770957752,0.6067971644
