reaction_coordinate,energy_ev,error_ev_ang
0,0,0.0578796518
0.1567113374,0.6391198438,0.4836063857
0.4007316897,0.0066579045,0.3589142583
0.6980625619,-0.2061807784,0.2208017613
1,-0.1770957752,0.6067971644
