reaction_coordinate,energy_ev,error_ev_ang
0,0,0.0578796518
0.2560233531,0.6087242017,1.04445395
0.4779673114,0.3962743463,1.090846199
0.7178196604,0.1899866772,1.025918398
1,-0.1770957745,0.6067971645
