reaction_coordinate,energy_ev,error_ev_ang
0,0,0.0578796518
0.22122971,0.3775052626,0.5395380377
0.4366385927,0.1241731914,0.1932356325
0.698500707,-0.2424277237,0.3378496817
1,-0.1770957752,0.6067971644
