reaction_coordinate,energy_ev,error_ev_ang
0,0,0.0402237046
0.2593550281,0.032487493,0.2168137827
0.4655446962,0.0034357635,0.3680767824
0.7059760591,-0.0807614351,0.3774606154
1,-0.1167838084,0.1071702915
