reaction_coordinate,energy_ev,error_ev_ang
0,0,0.0578796518
0.2073578785,0.4524109182,3.490354038
0.4353009163,0.0528418156,0.5215444298
0.7026296735,-0.2197089341,0.9362725852
1,-0.1770957752,0.6067971644
