reaction_coordinate,energy_ev,error_ev_ang
0,0,0.0578796518
0.2312987853,0.4602774363,1.892556057
0.447741894,0.5560325542,3.750011381
0.6981761985,0.2877693706,4.556833143
1,-0.1770957752,0.6067971644
