reaction_coordinate,energy_ev,error_ev_ang
0,0,0.0578796518
0.2213656685,0.3689634904,0.1732212004
0.4373766934,0.1230181506,0.0869010384
0.6989359073,-0.2453576459,0.1041219388
1,-0.1770957752,0.6067971644
