reaction_coordinate,energy_ev,error_ev_ang
0,0,0.0578796518
0.1985560942,0.6806174656,1.282155633
0.4277660547,0.4694471972,0.2233806048
0.6997882926,-0.0409323172,1.184470639
1,-0.1770957752,0.6067971644
