reaction_coordinate,energy_ev,error_ev_ang
0,0,0.0578796518
0.275108624,0.8457891803,0.7846446925
0.5023508903,0.5988995216,0.9519527597
0.729394032,0.5800884283,0.8305207927
1,-0.1770957745,0.6067971645
