reaction_coordinate,energy_ev,error_ev_ang
0,0,0.0578796518
0.1927546495,0.3727105941,0.1083194914
0.4213200571,-0.0175291064,0.130495144
0.7015631718,-0.2407388131,0.2455949298
1,-0.1770957752,0.6067971644
