reaction_coordinate,energy_ev,error_ev_ang
0,0,0.0402237046
0.2563935134,0.0373288848,0.1329753777
0.4628088566,0.0048177862,0.2053696627
0.7043697493,-0.0768671287,0.2310981649
1,-0.1167838084,0.1071702915
