reaction_coordinate,energy_ev,error_ev_ang
0,0,0.0578796518
0.2330919712,0.3956313361,0.4407477744
0.4439530914,0.1965641726,0.1328542261
0.6984876275,-0.2104310972,0.3021144975
1,-0.1770957752,0.6067971644
