reaction_coordinate,energy_ev,error_ev_ang
0,0,0.0402237046
0.2524930285,0.0430907761,0.1438109252
0.4608959464,0.0073601211,0.2771959425
0.7046537743,-0.0720148885,0.306917407
1,-0.1167838084,0.1071702915
