reaction_coordinate,energy_ev,error_ev_ang
0,0,0.0578796518
0.2292113344,0.3901014551,0.5611449636
0.4409031554,0.1669744609,0.3270263085
0.697857983,-0.2189116656,0.9065375449
1,-0.1770957752,0.6067971644
