reaction_coordinate,energy_ev,error_ev_ang
0,0,0.0578796518
0.2006864384,0.3696236035,0.6868905291
0.4266116163,0.1256688258,2.589909322
0.7007868847,-0.2078295404,1.497363044
1,-0.1770957752,0.6067971644
