reaction_coordinate,energy_ev,error_ev_ang
0,0,0.0578796518
0.2441447111,0.4930134095,1.389798203
0.4536395032,0.3314966255,0.9708707175
0.6998703557,-0.0054787476,2.617696219
1,-0.1770957745,0.6067971645
