reaction_coordinate,energy_ev,error_ev_ang
0,0,0.0578796518
0.2373665777,0.6336562547,2.489110177
0.4466856558,0.4877370273,3.648365634
0.6984171547,-0.0143735661,2.531793429
1,-0.1770957745,0.6067971645
