reaction_coordinate,energy_ev,error_ev_ang
0,0,0.0578796518
0.20933648,0.6085422931,1.274710086
0.4284860427,0.5352827183,0.3056446534
0.688055075,-0.0390891802,0.4000227559
1,-0.1770957752,0.6067971644
