reaction_coordinate,energy_ev,error_ev_ang
0,0,0.0578796518
0.2508793213,0.5571305414,1.107907523
0.4729576073,0.3776170663,1.793032911
0.7111495587,0.0127938567,1.028043314
1,-0.1770957745,0.6067971645
