reaction_coordinate,energy_ev,error_ev_ang
0,0,0.0578796518
0.1967390447,0.3678100474,0.3268459228
0.4235416987,0.0032277033,0.4617174448
0.7008480354,-0.2411290853,0.2690646515
1,-0.1770957752,0.6067971644
