reaction_coordinate,energy_ev,error_ev_ang
0,0,0.0578796518
0.1620347645,0.5208694308,0.5578442639
0.4027679132,-0.024229562,0.3973006482
0.6982014424,-0.2149747914,0.2843739057
1,-0.1770957752,0.6067971644
