reaction_coordinate,energy_ev,error_ev_ang
0,0,0.0578796518
0.2107123082,0.5482838835,0.8559034499
0.4300190523,0.5226093146,0.4192003665
0.6860942764,-0.0359671515,0.2390155301
1,-0.1770957752,0.6067971644
