reaction_coordinate,energy_ev,error_ev_ang
0,0,0.0578796518
0.2489195993,0.562237557,1.210616502
0.467048288,0.4411018047,2.348196241
0.707527391,0.4227000812,3.418574331
1,-0.1770957745,0.6067971645
