reaction_coordinate,energy_ev,error_ev_ang
0,0,0.0578796518
0.2774289853,2.988518939,3.063355896
0.5010424418,3.355666626,2.765273057
0.7240434249,2.900540311,2.470544373
1,-0.1770957745,0.6067971645
