reaction_coordinate,energy_ev,error_ev_ang
0,0,0.0578796518
0.2316593252,0.3922077742,0.4094000421
0.4433444553,0.1824738649,0.0874606719
0.6991808323,-0.2186989746,0.2655226303
1,-0.1770957752,0.6067971644
