reaction_coordinate,energy_ev,error_ev_ang
0,0,0.0578796518
0.1990738242,0.3688512268,0.6523572269
0.4243375574,0.0182252892,0.5579931735
0.7006024392,-0.2319056004,0.7376727009
1,-0.1770957752,0.6067971644
