reaction_coordinate,energy_ev,error_ev_ang
0,0,0.0402237046
0.256969086,0.0354512793,0.0624053358
0.4635996696,0.0028066421,0.065083827
0.7055092909,-0.079393911,0.1028326085
1,-0.1167838084,0.1071702915
