reaction_coordinate,energy_ev,error_ev_ang
0,0,0.0578796518
0.1777442508,0.4135073869,0.4979603692
0.4185849431,-0.0604609052,0.6454244176
0.7031957557,-0.1895773157,1.303234438
1,-0.1770957752,0.6067971644
