reaction_coordinate,energy_ev,error_ev_ang
0,0,0.0578796518
0.2288951596,0.7220882479,4.065154147
0.4395094761,0.2191845942,1.735288348
0.6960494331,0.2827460434,8.289418522
1,-0.1770957752,0.6067971644
