reaction_coordinate,energy_ev,error_ev_ang
0,0,0.0578796518
0.1678511877,0.4619539468,0.3964235072
0.4064127845,-0.0418915576,0.2136432228
0.6992296745,-0.223568411,0.1491361396
1,-0.1770957752,0.6067971644
