reaction_coordinate,energy_ev,error_ev_ang
0,0,0.0402237046
0.2288027013,0.0495897481,0.0926869883
0.4517495519,0.0180129814,0.1651699224
0.700322227,-0.0519790991,0.1036589314
1,-0.1167838084,0.1071702915
