reaction_coordinate,energy_ev,error_ev_ang
0,0,0.0578796518
0.2699771043,0.895474321,1.90175231
0.4996640014,0.5820884088,2.069855175
0.7314571237,0.6041853954,2.411800437
1,-0.1770957745,0.6067971645
