reaction_coordinate,energy_ev,error_ev_ang
0,0,0.0578796518
0.1664636707,0.474543282,0.5040990085
0.405498606,-0.0389260935,0.2239893676
0.6989180943,-0.2199560166,0.4188018689
1,-0.1770957752,0.6067971644
