reaction_coordinate,energy_ev,error_ev_ang
0,0,0.0402237046
0.2449803623,0.0621160932,0.70795623
0.4578647593,0.0432847214,1.108624945
0.7010414841,-0.0548144819,0.9888291388
1,-0.1167838084,0.1071702915
