reaction_coordinate,energy_ev,error_ev_ang
0,0,0.0578796518
0.2336806846,0.4024821288,0.71288501
0.4448632912,0.2054566089,0.3438868239
0.698469783,-0.1852139788,0.9209963041
1,-0.1770957752,0.6067971644
