reaction_coordinate,energy_ev,error_ev_ang
0,0,0.0578796518
0.2178715275,0.3655914636,0.278524199
0.4344541783,0.1094087798,0.1037312432
0.6978102642,-0.244988145,0.1165781641
1,-0.1770957752,0.6067971644
