reaction_coordinate,energy_ev,error_ev_ang
0,0,0.0578796518
0.2211569714,0.4207695669,1.921228608
0.4373214324,0.1246703284,0.3515697169
0.7018306555,-0.2351216089,0.8002665817
1,-0.1770957752,0.6067971644
