reaction_coordinate,energy_ev,error_ev_ang
0,0,0.0578796518
0.2755187554,3.134372353,3.69141954
0.5009299207,3.471642601,3.292851919
0.726059057,3.104957127,5.90831769
1,-0.1770957745,0.6067971645
