reaction_coordinate,energy_ev,error_ev_ang
0,0,0.0578796518
0.2050333924,0.6594526707,2.12245778
0.428670405,0.5105060786,0.4250313862
0.685695229,-0.0106216732,0.2274072542
1,-0.1770957752,0.6067971644
