reaction_coordinate,energy_ev,error_ev_ang
0,0,0.0578796518
0.1932767851,1.131495324,2.633402761
0.4248551762,0.4408639477,0.3071335205
0.7064348263,-0.093523878,0.8015135139
1,-0.1770957752,0.6067971644
