reaction_coordinate,energy_ev,error_ev_ang
0,0,0.0578796518
0.1853685521,0.3877753678,0.2460455064
0.417018909,-0.0402383971,0.2799302105
0.7027545284,-0.2318022172,0.6218449025
1,-0.1770957752,0.6067971644
