reaction_coordinate,energy_ev,error_ev_ang
0,0,0.0578796518
0.2559001668,0.8499294781,4.027462109
0.4810055809,0.5776690488,4.017537496
0.7219104789,0.4031518923,3.917615005
1,-0.1770957745,0.6067971645
