reaction_coordinate,energy_ev,error_ev_ang
0,0,0.0578796518
0.2062780872,0.7385370563,2.093347482
0.4311226877,0.5047173748,0.687184351
0.6825656544,0.0136897757,0.6270016983
1,-0.1770957752,0.6067971644
