reaction_coordinate,energy_ev,error_ev_ang
0,0,0.0402237046
0.256638902,0.0364385861,0.1046968061
0.4634155053,0.0034690944,0.1182612842
0.7050872919,-0.0782102325,0.1853107564
1,-0.1167838084,0.1071702915
