reaction_coordinate,energy_ev,error_ev_ang
0,0,0.0402237046
0.2506568235,0.0468123213,0.3342186461
0.4615664243,0.0160986286,0.9418628328
0.7037429348,-0.0675181879,0.382557199
1,-0.1167838084,0.1071702915
