reaction_coordinate,energy_ev,error_ev_ang
0,0,0.0578796518
0.1707311608,0.4448386137,0.5137588814
0.4085759315,-0.0398308457,0.6246510641
0.7002090722,-0.2026710903,1.279792196
1,-0.1770957752,0.6067971644
