reaction_coordinate,energy_ev,error_ev_ang
0,0,0.0578796518
0.222130601,0.384358464,1.123908061
0.4378247073,0.1285772585,0.3805575011
0.699007729,-0.2435127753,0.3322856355
1,-0.1770957752,0.6067971644
