reaction_coordinate,energy_ev,error_ev_ang
0,0,0.0578796518
0.1587763168,0.5741438427,0.5470201035
0.4011991423,-0.0102460128,0.3491557422
0.6979143355,-0.2104132288,0.2525549693
1,-0.1770957752,0.6067971644
