reaction_coordinate,energy_ev,error_ev_ang
0,0,0.0578796518
0.2530172745,0.5790512422,1.008343254
0.4703130447,0.3969350767,1.050870975
0.7124154102,0.135614542,1.708135223
1,-0.1770957745,0.6067971645
