reaction_coordinate,energy_ev,error_ev_ang
0,0,0.0578796518
0.1557150436,0.714905061,0.4591570939
0.4012891612,0.0231189537,0.4079247064
0.6984068214,-0.2007012882,0.1875511883
1,-0.1770957752,0.6067971644
