reaction_coordinate,energy_ev,error_ev_ang
0,0,0.0578796518
0.2354016461,0.4271170669,0.6656660739
0.4439201944,0.2716963642,0.2898323878
0.6949470226,-0.1577085979,0.8659135027
1,-0.1770957745,0.6067971645
