reaction_coordinate,energy_ev,error_ev_ang
0,0,0.0578796518
0.2480375811,0.5125609364,0.8997726587
0.4599485128,0.3923106369,1.413281841
0.7070385477,0.0066764202,2.654153895
1,-0.1770957745,0.6067971645
