reaction_coordinate,energy_ev,error_ev_ang
0,0,0.0578796518
0.1781180013,0.4089137287,0.3624198292
0.416695912,-0.0489303561,1.100103429
0.7034573004,-0.2335298928,0.448606186
1,-0.1770957752,0.6067971644
