reaction_coordinate,energy_ev,error_ev_ang
0,0,0.0402237046
0.2555415337,0.0398831068,0.1927194943
0.4637912332,0.0326325988,1.480419758
0.707426699,-0.065928362,0.8562879887
1,-0.1167838084,0.1071702915
