reaction_coordinate,energy_ev,error_ev_ang
0,0,0.0578796518
0.2632155871,3.543236965,2.638049717
0.5002280564,4.124463502,3.056846075
0.7376377062,3.570510702,2.728063858
1,-0.1770957745,0.6067971645
