reaction_coordinate,energy_ev,error_ev_ang
0,0,0.0578796518
0.2308379312,0.3911046408,0.4535703499
0.4425484976,0.1773893441,0.2598113101
0.698579278,-0.2185318024,0.6448610547
1,-0.1770957752,0.6067971644
