reaction_coordinate,energy_ev,error_ev_ang
0,0,0.0578796518
0.2312560412,0.3877988021,0.1520652562
0.4430386452,0.1801892641,0.0879069698
0.698830713,-0.221169366,0.1581845264
1,-0.1770957752,0.6067971644
