reaction_coordinate,energy_ev,error_ev_ang
0,0,0.0578796518
0.2426695374,0.4605445261,0.164087344
0.4535323626,0.3137978782,0.2375264371
0.7007145789,-0.1265473627,0.4178795762
1,-0.1770957745,0.6067971645
