reaction_coordinate,energy_ev,error_ev_ang
0,0,0.0578796518
0.2561489576,0.6453760465,0.9063395683
0.4804990027,0.5337674014,2.717727032
0.7214843488,0.2299211317,1.196417668
1,-0.1770957745,0.6067971645
