reaction_coordinate,energy_ev,error_ev_ang
0,0,0.0578796518
0.17606549,0.4523683844,1.651456172
0.4119080711,-0.025092585,0.952872768
0.7008612943,-0.1966993245,0.9232960374
1,-0.1770957752,0.6067971644
