reaction_coordinate,energy_ev,error_ev_ang
0,0,0.0578796518
0.2028795384,0.3755489216,0.9390527322
0.4365776079,0.0257058576,0.7536207908
0.7085825518,-0.2442286548,0.5096572438
1,-0.1770957752,0.6067971644
