reaction_coordinate,energy_ev,error_ev_ang
0,0,0.0402237046
0.2513144725,0.0432908016,0.0429007617
0.4610330653,0.0067890208,0.0357166921
0.7044362631,-0.072783036,0.1374143485
1,-0.1167838084,0.1071702915
