reaction_coordinate,energy_ev,error_ev_ang
0,0,0.0578796518
0.20372353,0.5863510373,3.657804344
0.4382449352,0.0620875295,1.50583033
0.7061341906,0.0086814582,2.75935958
1,-0.1770957752,0.6067971644
