reaction_coordinate,energy_ev,error_ev_ang
0,0,0.0578796518
0.2315304323,0.390674711,0.3826141291
0.443318795,0.1827967482,0.0999247321
0.699180634,-0.2196724211,0.2253826819
1,-0.1770957752,0.6067971644
