reaction_coordinate,energy_ev,error_ev_ang
0,0,0.0402237046
0.2543395345,0.0507340766,0.7617615048
0.4655355515,0.1588845151,4.342568117
0.7065525316,0.0321319693,2.729934258
1,-0.1167838084,0.1071702915
