reaction_coordinate,energy_ev,error_ev_ang
0,0,0.0402237046
0.2544839284,0.0407629761,0.2312111683
0.465289173,0.00791046,0.3586576464
0.7072691778,-0.0748536309,0.4369251514
1,-0.1167838084,0.1071702915
