reaction_coordinate,energy_ev,error_ev_ang
0,0,0.0578796518
0.2096345284,0.569260787,1.165721822
0.429340511,0.524991608,0.2538069636
0.6869889432,-0.03608305,0.3241548104
1,-0.1770957752,0.6067971644
