reaction_coordinate,energy_ev,error_ev_ang
0,0,0.0578796518
0.2232658517,0.4782055293,1.932487094
0.4387724204,0.1555672346,1.282731967
0.7002977611,-0.2320046643,0.9214829881
1,-0.1770957752,0.6067971644
