reaction_coordinate,energy_ev,error_ev_ang
0,0,0.0402237046
0.2463400863,0.0461330494,0.0586598744
0.4568607632,0.0096296426,0.1200703178
0.7026073566,-0.0689201462,0.1540937005
1,-0.1167838084,0.1071702915
