reaction_coordinate,energy_ev,error_ev_ang
0,0,0.0402237046
0.2582760973,0.0329496246,0.1366166304
0.4645798126,0.0032236498,0.2794073193
0.7058571679,-0.0817449505,0.1305049705
1,-0.1167838084,0.1071702915
