reaction_coordinate,energy_ev,error_ev_ang
0,0,0.0578796518
0.210149901,0.6761628563,6.26599656
0.4318892973,0.1314735367,1.524095854
0.6999317905,0.0397289997,2.688716585
1,-0.1770957752,0.6067971644
