reaction_coordinate,energy_ev,error_ev_ang
0,0,0.0402237046
0.2508513113,0.0436332468,0.046788672
0.4617154456,0.006901997,0.0993412185
0.7040554316,-0.0723451919,0.1094590391
1,-0.1167838084,0.1071702915
