reaction_coordinate,energy_ev,error_ev_ang
0,0,0.0578796518
0.2542006744,0.6001138254,1.011951194
0.4753263564,0.4190635231,1.605266342
0.7161855156,0.1459670424,0.8305742826
1,-0.1770957745,0.6067971645
