reaction_coordinate,energy_ev,error_ev_ang
0,0,0.0402237046
0.2301968751,0.0495712771,0.1199815906
0.4505466294,0.0179613015,0.1946223458
0.6991461651,-0.0527136689,0.1377657854
1,-0.1167838084,0.1071702915
