reaction_coordinate,energy_ev,error_ev_ang
0,0,0.0578796518
0.1582499975,0.9925247062,0.7186413683
0.4061793335,0.0825061958,0.4405751467
0.7004381146,-0.1825960063,0.2109877113
1,-0.1770957752,0.6067971644
