reaction_coordinate,energy_ev,error_ev_ang
0,0,0.0578796518
0.2352348407,0.4115913576,0.1033167783
0.4439858594,0.2595506266,0.1661906932
0.6956231202,-0.173426267,0.1549496522
1,-0.1770957752,0.6067971644
