reaction_coordinate,energy_ev,error_ev_ang
0,0,0.0578796518
0.2458421612,0.4874012302,0.4905417078
0.4593021183,0.3703777997,1.896952468
0.7031970264,-0.0965520048,0.340156798
1,-0.1770957745,0.6067971645
