reaction_coordinate,energy_ev,error_ev_ang
0,0,0.0402237046
0.2549540075,0.0383118616,0.0521646753
0.4639786084,0.0041146005,0.1073964608
0.7067819613,-0.0778506242,0.0851323017
1,-0.1167838084,0.1071702915
