reaction_coordinate,energy_ev,error_ev_ang
0,0,0.0578796518
0.2069667837,0.7505815625,5.051648846
0.427500186,0.5284766364,0.5060938726
0.6858973432,-0.0265861444,0.2490940331
1,-0.1770957752,0.6067971644
