reaction_coordinate,energy_ev,error_ev_ang
0,0,0.0578796518
0.2733444435,1.876924683,1.986186625
0.501537605,2.036362273,2.060872171
0.7288163381,1.811689614,3.013370601
1,-0.1770957745,0.6067971645
