reaction_coordinate,energy_ev,error_ev_ang
0,0,0.0578796518
0.2315023048,0.3888292217,0.1900583583
0.4432689395,0.181950561,0.0869812583
0.6990898459,-0.2205772836,0.0985410181
1,-0.1770957752,0.6067971644
