reaction_coordinate,energy_ev,error_ev_ang
0,0,0.0578796518
0.2427696583,0.4833673247,1.176388311
0.4539953008,0.3571445309,1.515066348
0.7007328071,-0.117134551,0.882628089
1,-0.1770957745,0.6067971645
