reaction_coordinate,energy_ev,error_ev_ang
0,0,0.0578796518
0.222966798,0.3819356781,0.920202562
0.4388123827,0.1299037488,0.1563754375
0.7001482567,-0.2446405833,0.215918764
1,-0.1770957752,0.6067971644
