reaction_coordinate,energy_ev,error_ev_ang
0,0,0.0578796518
0.2302928385,0.3855412156,0.1904003593
0.4420879557,0.1727895166,0.0700631535
0.6984769936,-0.2256496436,0.1120617282
1,-0.1770957752,0.6067971644
