reaction_coordinate,energy_ev,error_ev_ang
0,0,0.0578796518
0.2202650262,0.370015439,0.394808559
0.4364766256,0.118864541,0.0865257245
0.698250718,-0.2438542589,0.225169595
1,-0.1770957752,0.6067971644
