reaction_coordinate,energy_ev,error_ev_ang
0,0,0.0578796518
0.1778233871,0.4085938597,0.2745176475
0.4144798746,-0.0398830641,0.9821199351
0.7027024506,-0.2296077252,0.4655237343
1,-0.1770957752,0.6067971644
