reaction_coordinate,energy_ev,error_ev_ang
0,0,0.0578796518
0.2027464491,0.5569466934,4.822949621
0.4331824434,0.0975584096,2.073505801
0.706768676,-0.2206465123,1.185798929
1,-0.1770957752,0.6067971644
