reaction_coordinate,energy_ev,error_ev_ang
0,0,0.0578796518
0.2179812101,0.3912371754,0.8602199296
0.4345562449,0.1122772481,0.3725283432
0.697693141,-0.2348043904,0.6051672666
1,-0.1770957752,0.6067971644
