reaction_coordinate,energy_ev,error_ev_ang
0,0,0.0578796518
0.2332764854,0.4157074191,0.8209176979
0.4467591493,0.2124833617,0.5531191955
0.6971772618,-0.1777963246,1.038937705
1,-0.1770957752,0.6067971644
