reaction_coordinate,energy_ev,error_ev_ang
0,0,0.0402237046
0.2545510986,0.0392397135,0.1341436448
0.4666869587,0.0056697934,0.3960770999
0.7068202895,-0.075067376,0.2595725958
1,-0.1167838084,0.1071702915
