reaction_coordinate,energy_ev,error_ev_ang
0,0,0.0402237046
0.2545884209,0.0387549704,0.094282585
0.465090504,0.0042215646,0.1284329991
0.7071000879,-0.0774464715,0.1671688823
1,-0.1167838084,0.1071702915
