reaction_coordinate,energy_ev,error_ev_ang
0,0,0.0402237046
0.2583020315,0.0298344062,0.056163419
0.4639952609,-0.0002640629,0.0725074709
0.7054156386,-0.0844406663,0.0463873449
1,-0.1167838084,0.1071702915
