reaction_coordinate,energy_ev,error_ev_ang
0,0,0.0578796518
0.2432270938,0.4644943259,0.503090743
0.4537885702,0.3241245373,0.7145609104
0.7002578528,-0.1255419094,0.3821028091
1,-0.1770957745,0.6067971645
