reaction_coordinate,energy_ev,error_ev_ang
0,0,0.0578796518
0.1694637626,0.4799830439,1.372862919
0.4077221935,-0.0144947693,1.406823218
0.6994372727,-0.2218237552,0.4558909315
1,-0.1770957752,0.6067971644
