reaction_coordinate,energy_ev,error_ev_ang
0,0,0.0578796518
0.2567561875,0.6081437316,0.5988823119
0.4795175327,0.3974634611,1.366892619
0.7190382591,0.1994251087,0.9378588326
1,-0.1770957745,0.6067971645
