reaction_coordinate,energy_ev,error_ev_ang
0,0,0.0578796518
0.2315939699,0.4967937592,1.720142018
0.4446370265,0.3786991866,3.737378941
0.6980752709,0.1183764185,4.455327627
1,-0.1770957752,0.6067971644
