reaction_coordinate,energy_ev,error_ev_ang
0,0,0.0402237046
0.2367055323,0.0549329223,0.5917225241
0.4493241715,0.0273835048,0.5626321386
0.6958460231,-0.0318666695,0.9568436926
1,-0.1167838084,0.1071702915
