reaction_coordinate,energy_ev,error_ev_ang
0,0,0.0402237046
0.2510325893,0.0445409829,0.1744396655
0.4626660564,0.0103007974,0.5293402375
0.7036139842,-0.071352797,0.1917901101
1,-0.1167838084,0.1071702915
