reaction_coordinate,energy_ev,error_ev_ang
0,0,0.0578796518
0.1877808386,0.3828902638,0.3580757421
0.4191602968,-0.0325125923,0.6409669692
0.7028911333,-0.2343986221,0.5070225929
1,-0.1770957752,0.6067971644
