reaction_coordinate,energy_ev,error_ev_ang
0,0,0.0402237046
0.2451792802,0.0465643044,0.0697904792
0.4565892257,0.0099758335,0.0844603916
0.7021314083,-0.0682852613,0.1491338279
1,-0.1167838084,0.1071702915
