reaction_coordinate,energy_ev,error_ev_ang
0,0,0.0402237046
0.239988753,0.057860029,0.6888072502
0.452134186,0.019994843,0.5094497611
0.6961587537,-0.0323366617,1.008705285
1,-0.1167838084,0.1071702915
