reaction_coordinate,energy_ev,error_ev_ang
0,0,0.0578796518
0.2501016111,0.5044939141,0.3405225462
0.4639967933,0.3438118357,0.4553026085
0.7090928246,-0.0549625623,0.5045921734
1,-0.1770957745,0.6067971645
