reaction_coordinate,energy_ev,error_ev_ang
0,0,0.0578796518
0.1870733589,0.3831313287,0.1606553674
0.4186591673,-0.0386090089,0.1805875878
0.7025648675,-0.2296069091,0.9197544794
1,-0.1770957752,0.6067971644
