reaction_coordinate,energy_ev,error_ev_ang
0,0,0.0578796518
0.2516732966,0.9675146515,5.637550288
0.4745659752,0.5174523004,1.67956565
0.7178248092,0.4896117557,4.967135485
1,-0.1770957745,0.6067971645
