reaction_coordinate,energy_ev,error_ev_ang
0,0,0.0578796518
0.1909026843,0.3854775468,0.9334718886
0.4195427362,-0.009319842,0.8808880088
0.702987828,-0.1656021702,2.006690754
1,-0.1770957752,0.6067971644
