reaction_coordinate,energy_ev,error_ev_ang
0,0,0.0578796518
0.234864927,0.4883911083,2.134070697
0.4440467733,0.3582960828,2.287843967
0.6956904709,-0.1321976677,1.340390739
1,-0.1770957745,0.6067971645
