reaction_coordinate,energy_ev,error_ev_ang
0,0,0.0578796518
0.1872494671,0.385776824,0.3221764998
0.416799547,-0.024575135,0.6229730401
0.7059774096,-0.2268615209,0.7242480069
1,-0.1770957752,0.6067971644
