reaction_coordinate,energy_ev,error_ev_ang
0,0,0.0578796518
0.191119859,1.465796656,1.689627933
0.4252609483,0.419106892,0.4185507099
0.7091400759,-0.1093847616,0.5650866545
1,-0.1770957752,0.6067971644
