reaction_coordinate,energy_ev,error_ev_ang
0,0,0.0402237046
0.2552043081,0.0381793879,0.0908989729
0.4634741581,0.0042273295,0.1013167665
0.7063564471,-0.077833443,0.0395801914
1,-0.1167838084,0.1071702915
