reaction_coordinate,energy_ev,error_ev_ang
0,0,0.0578796518
0.2001379161,0.3675160055,0.5497078262
0.4256818668,0.0249637061,0.6131068001
0.6998057646,-0.235801441,0.5743510561
1,-0.1770957752,0.6067971644
