reaction_coordinate,energy_ev,error_ev_ang
0,0,0.0578796518
0.1691608079,0.4558832121,0.5850678704
0.4075499772,-0.0457485575,0.1962606297
0.6991860819,-0.2175551709,0.5822668709
1,-0.1770957752,0.6067971644
