reaction_coordinate,energy_ev,error_ev_ang
0,0,0.0402237046
0.2573623315,0.0347470658,0.0943942796
0.4638096256,0.0025118695,0.1263077236
0.7055286622,-0.0797681468,0.1873135495
1,-0.1167838084,0.1071702915
