reaction_coordinate,energy_ev,error_ev_ang
0,0,0.0578796518
0.2005634009,0.3640043382,0.1853303944
0.4265138638,0.0228848052,0.4959876534
0.6997945588,-0.2393321839,0.3034028928
1,-0.1770957752,0.6067971644
