reaction_coordinate,energy_ev,error_ev_ang
0,0,0.0578796518
0.272228967,0.9743343205,2.236056872
0.5010666509,0.6196800409,2.92626332
0.7311833925,0.7089418965,2.884321261
1,-0.1770957745,0.6067971645
