reaction_coordinate,energy_ev,error_ev_ang
0,0,0.0402237046
0.2584034293,0.0305261589,0.1375736719
0.4642576504,0.0006736055,0.1812878207
0.7053247474,-0.0841098351,0.0915918381
1,-0.1167838084,0.1071702915
