reaction_coordinate,energy_ev,error_ev_ang
0,0,0.0402237046
0.2437563565,0.0471078354,0.0744184361
0.4573453755,0.0129613029,0.4338321202
0.7013020877,-0.0668969477,0.1655938705
1,-0.1167838084,0.1071702915
