reaction_coordinate,energy_ev,error_ev_ang
0,0,0.0578796518
0.2230719512,0.3795690273,0.6863754126
0.4386765468,0.1325379898,0.357065921
0.7005313497,-0.2450570546,0.3345346632
1,-0.1770957752,0.6067971644
