reaction_coordinate,energy_ev,error_ev_ang
0,0,0.0578796518
0.2100533087,0.7002153164,3.188887406
0.4302946497,0.5287147503,0.6404428447
0.6877448796,-0.0336020362,0.2620176264
1,-0.1770957752,0.6067971644
