reaction_coordinate,energy_ev,error_ev_ang
0,0,0.0402237046
0.2585772072,0.0329348944,0.4295122916
0.4641030511,0.0037949172,0.38530692
0.7052098063,-0.0837260644,0.2185968104
1,-0.1167838084,0.1071702915
