reaction_coordinate,energy_ev,error_ev_ang
0,0,0.0402237046
0.2567259795,0.0358903535,0.0548176563
0.4634722608,0.0031508455,0.1030545547
0.7054964612,-0.0791931637,0.044919067
1,-0.1167838084,0.1071702915
