reaction_coordinate,energy_ev,error_ev_ang
0,0,0.0578796518
0.2216247355,0.3729133679,0.4737735099
0.4372894443,0.1257821966,0.2706656142
0.6990380565,-0.2446463701,0.2196913057
1,-0.1770957752,0.6067971644
