reaction_coordinate,energy_ev,error_ev_ang
0,0,0.0578796518
0.2299924784,0.3864112556,0.2754013612
0.4419421519,0.1710847191,0.0646829341
0.6985117882,-0.2263812166,0.2061527216
1,-0.1770957752,0.6067971644
