reaction_coordinate,energy_ev,error_ev_ang
0,0,0.0578796518
0.1966513572,0.3765305618,0.7761501405
0.4233066078,0.0275500806,1.270637063
0.7010504832,-0.2005294568,1.259185096
1,-0.1770957752,0.6067971644
