reaction_coordinate,energy_ev,error_ev_ang
0,0,0.0578796518
0.1778390222,0.4256020414,1.082146851
0.4173235775,-0.0103872112,1.393361005
0.7034461173,-0.1834737154,1.145043788
1,-0.1770957752,0.6067971644
