reaction_coordinate,energy_ev,error_ev_ang
0,0,0.0578796518
0.2175637115,0.3647542212,0.226529869
0.434435432,0.1076730802,0.0776559713
0.6980205824,-0.2454106608,0.0849928276
1,-0.1770957752,0.6067971644
