reaction_coordinate,energy_ev,error_ev_ang
0,0,0.0578796518
0.1690617431,0.4693562601,1.052168747
0.4073010745,-0.0327877711,0.951721014
0.6993961443,-0.2131448606,0.5320022422
1,-0.1770957752,0.6067971644
