reaction_coordinate,energy_ev,error_ev_ang
0,0,0.0578796518
0.223743021,0.4159423823,1.339985819
0.4388923886,0.1438367867,0.7296793546
0.7004308113,-0.2404379069,0.4811490804
1,-0.1770957752,0.6067971644
