reaction_coordinate,energy_ev,error_ev_ang
0,0,0.0578796518
0.2308346908,0.387087973,0.1710363707
0.4426382819,0.1771308402,0.099282813
0.6984557977,-0.2224193689,0.2406113176
1,-0.1770957752,0.6067971644
