reaction_coordinate,energy_ev,error_ev_ang
0,0,0.0578796518
0.200949643,0.6384759073,0.9790230816
0.4294766354,0.4773013258,0.3010871708
0.6942465508,-0.002263757,0.8382979326
1,-0.1770957752,0.6067971644
