reaction_coordinate,energy_ev,error_ev_ang
0,0,0.0402237046
0.2511450582,0.0435748345,0.0847758248
0.4611547732,0.0070197695,0.105660525
0.7043896556,-0.0719897291,0.253871535
1,-0.1167838084,0.1071702915
