reaction_coordinate,energy_ev,error_ev_ang
0,0,0.0578796518
0.1800376493,0.430948792,1.272997078
0.4134783871,0.0025546058,1.865408541
0.702496536,0.1269450795,3.035120972
1,-0.1770957752,0.6067971644
