reaction_coordinate,energy_ev,error_ev_ang
0,0,0.0578796518
0.1710601309,0.4406751786,0.4000609558
0.40889462,-0.045348507,0.3933090848
0.7005058764,-0.2174929804,0.8123802913
1,-0.1770957752,0.6067971644
