reaction_coordinate,energy_ev,error_ev_ang
0,0,0.0578796518
0.1970990755,0.3695259089,0.4814758617
0.4236805458,0.0074338423,0.5737224082
0.7009544524,-0.2408129912,0.3036003184
1,-0.1770957752,0.6067971644
