reaction_coordinate,energy_ev,error_ev_ang
0,0,0.0578796518
0.2739461006,1.2735159,1.655396317
0.5024324659,1.245022524,1.921642502
0.7300282629,0.9989215596,1.579165873
1,-0.1770957745,0.6067971645
