reaction_coordinate,energy_ev,error_ev_ang
0,0,0.0578796518
0.2330814276,0.3941773223,0.3408556909
0.4440650007,0.1988616135,0.1542247156
0.6986797767,-0.2098790789,0.2412972067
1,-0.1770957752,0.6067971644
