reaction_coordinate,energy_ev,error_ev_ang
0,0,0.0402237046
0.2548112369,0.0385281748,0.0555901159
0.4643946015,0.0043077658,0.1092323661
0.7069783535,-0.077735948,0.1146650193
1,-0.1167838084,0.1071702915
