reaction_coordinate,energy_ev,error_ev_ang
0,0,0.0578796518
0.1605858866,1.107643611,0.7484278426
0.4084074615,0.1118396801,0.5070415405
0.7018494792,-0.1779222655,0.1844223392
1,-0.1770957752,0.6067971644
