reaction_coordinate,energy_ev,error_ev_ang
0,0,0.0578796518
0.1884091939,0.3897224506,0.9062575582
0.4193417347,-0.0103468207,1.192198564
0.7030002024,-0.2261041701,1.130890641
1,-0.1770957752,0.6067971644
