reaction_coordinate,energy_ev,error_ev_ang
0,0,0.0578796518
0.1686034448,0.4551681556,0.2960547168
0.4069345317,-0.0445062263,0.1319312235
0.6993651618,-0.2242423468,0.1738015187
1,-0.1770957752,0.6067971644
