reaction_coordinate,energy_ev,error_ev_ang
0,0,0.0578796518
0.1961355258,0.368118774,0.1429070088
0.4230680214,-0.0024160052,0.1274930925
0.7010394428,-0.2389707844,0.45192797
1,-0.1770957752,0.6067971644
