reaction_coordinate,energy_ev,error_ev_ang
0,0,0.0578796518
0.1965337112,0.3677827095,0.2764258252
0.4234043867,0.0022566233,0.4348203935
0.7008843383,-0.2413565918,0.2768000837
1,-0.1770957752,0.6067971644
