reaction_coordinate,energy_ev,error_ev_ang
0,0,0.0402237046
0.2318965661,0.0495187395,0.0930648884
0.4496082466,0.0175004905,0.1239205404
0.698004252,-0.0539330278,0.116704215
1,-0.1167838084,0.1071702915
