reaction_coordinate,energy_ev,error_ev_ang
0,0,0.0578796518
0.1634898647,1.23325412,0.8415434338
0.4108278947,0.1417469252,0.4813419532
0.7035065781,-0.1729273672,0.1986694621
1,-0.1770957752,0.6067971644
