reaction_coordinate,energy_ev,error_ev_ang
0,0,0.0402237047
0.2288027013,0.0495892054,0.0869338736
0.4517495519,0.0180071483,0.1663348928
0.700322227,-0.0519827221,0.1043229766
1,-0.1167838079,0.1071702915
