reaction_coordinate,energy_ev,error_ev_ang
0,0,0.0578796518
0.2032343614,0.3940294719,1.56087144
0.4326647407,0.0321635127,0.5713274719
0.7069854446,-0.2389391836,0.8597737435
1,-0.1770957752,0.6067971644
