reaction_coordinate,energy_ev,error_ev_ang
0,0,0.0578796518
0.1804769783,0.4091304406,0.7969773496
0.4173780325,-0.0179299497,1.131972553
0.7023448381,-0.0545719368,1.802531308
1,-0.1770957752,0.6067971644
