reaction_coordinate,energy_ev,error_ev_ang
0,0,0.0578796518
0.155700411,0.7939104857,0.5868095901
0.4025682261,0.0345738587,0.3313096757
0.6986377545,-0.1945974952,0.1565026117
1,-0.1770957752,0.6067971644
