reaction_coordinate,energy_ev,error_ev_ang
0,0,0.0578796518
0.2452407539,0.485939643,0.5160842199
0.4575275352,0.391317687,2.016457926
0.702149111,-0.0979774683,0.8178771894
1,-0.1770957745,0.6067971645
