reaction_coordinate,energy_ev,error_ev_ang
0,0,0.0578796518
0.1690957879,0.4522199959,0.2922519918
0.4074383469,-0.0451465918,0.3082058264
0.6992520832,-0.2249550951,0.0814180454
1,-0.1770957752,0.6067971644
