reaction_coordinate,energy_ev,error_ev_ang
0,0,0.0578796518
0.1704419514,1.497374352,0.9791167096
0.41617972,0.2087148916,0.4811958619
0.7070760798,-0.1613370837,0.2901272433
1,-0.1770957752,0.6067971644
