reaction_coordinate,energy_ev,error_ev_ang
0,0,0.0578796518
0.2352348407,0.4115864012,0.102819513
0.4439858594,0.2595524623,0.1663183021
0.6956231202,-0.1734279484,0.1545575197
1,-0.1770957745,0.6067971645
