reaction_coordinate,energy_ev,error_ev_ang
0,0,0.0578796518
0.2332161983,0.4066484607,0.7454045675
0.444343468,0.204479345,0.302994241
0.6988137796,-0.1997203457,0.8125585454
1,-0.1770957752,0.6067971644
