reaction_coordinate,energy_ev,error_ev_ang
0,0,0.0402237046
0.2583768054,0.0320931453,0.0456665649
0.4645447663,0.0010548579,0.1390977887
0.7058333013,-0.0826191,0.0908422723
1,-0.1167838084,0.1071702915
