reaction_coordinate,energy_ev,error_ev_ang
0,0,0.0578796518
0.1873571242,0.3836141125,0.3436551452
0.4189899497,-0.0385080154,0.1334579329
0.7024991985,-0.2244138731,0.9806627834
1,-0.1770957752,0.6067971644
