reaction_coordinate,energy_ev,error_ev_ang
0,0,0.0578796518
0.2716175005,3.171462867,1.511451826
0.500788493,3.615681687,1.612486251
0.7297639357,3.118255378,1.551571227
1,-0.1770957745,0.6067971645
