reaction_coordinate,energy_ev,error_ev_ang
0,0,0.0402237046
0.2583978608,0.0320330132,0.0663456258
0.4644917327,0.000869838,0.0827816332
0.7058358068,-0.0826820015,0.0833659452
1,-0.1167838084,0.1071702915
