reaction_coordinate,energy_ev,error_ev_ang
0,0,0.0578796518
0.2717111559,0.8436330389,1.513248958
0.501037818,0.5369799661,1.622440507
0.7312695528,0.5396812129,1.883208201
1,-0.1770957745,0.6067971645
