reaction_coordinate,energy_ev,error_ev_ang
0,0,0.0578796518
0.1771135435,0.4140636006,0.4653276146
0.4129514098,-0.0517038411,0.2328626062
0.7015904507,-0.22952556,0.3299254434
1,-0.1770957752,0.6067971644
