reaction_coordinate,energy_ev,error_ev_ang
0,0,0.0402237046
0.2584411272,0.0316068351,0.0694418096
0.4641636223,0.0006468646,0.0574182526
0.7058316867,-0.0830985755,0.0603664078
1,-0.1167838084,0.1071702915
