reaction_coordinate,energy_ev,error_ev_ang
0,0,0.0402237046
0.2566113751,0.0366569981,0.1156672084
0.4632293255,0.0033266239,0.0896419012
0.7046720884,-0.0773809862,0.2434512755
1,-0.1167838084,0.1071702915
