reaction_coordinate,energy_ev,error_ev_ang
0,0,0.0402237046
0.258454438,0.0363657073,0.568103623
0.463503819,0.0075397443,0.5248474168
0.7054856736,-0.0822523786,0.2592879226
1,-0.1167838084,0.1071702915
