reaction_coordinate,energy_ev,error_ev_ang
0,0,0.0578796518
0.2560911717,1.122558318,3.832742259
0.4797279525,0.5308620142,2.540435703
0.7177528793,0.4190303534,2.255507784
1,-0.1770957745,0.6067971645
