reaction_coordinate,energy_ev,error_ev_ang
0,0,0.0402237046
0.2434491737,0.0486588331,0.2157480248
0.4579385517,0.0205207096,1.012475102
0.7012769593,-0.0657659363,0.3293617558
1,-0.1167838084,0.1071702915
