reaction_coordinate,energy_ev,error_ev_ang
0,0,0.0578796518
0.2356019657,0.4758643338,1.583129209
0.4443207245,0.3157368015,1.348256844
0.695308079,-0.1365804226,1.364970801
1,-0.1770957745,0.6067971645
