reaction_coordinate,energy_ev,error_ev_ang
0,0,0.0402237046
0.258286278,0.0297593416,0.0382858344
0.4639407556,-0.0003247854,0.0404235292
0.7054279657,-0.0844953098,0.0371207792
1,-0.1167838084,0.1071702915
