reaction_coordinate,energy_ev,error_ev_ang
0,0,0.0578796518
0.1954010655,0.3695702752,0.2143150767
0.4224149365,-0.0030004555,0.3575586161
0.7013368768,-0.2217808025,1.098478255
1,-0.1770957752,0.6067971644
