reaction_coordinate,energy_ev,error_ev_ang
0,0,0.0578796518
0.2422801368,0.4587527453,0.3607117035
0.4520917264,0.3145278338,0.2096613774
0.7003505042,-0.1318594834,0.169702808
1,-0.1770957745,0.6067971645
