reaction_coordinate,energy_ev,error_ev_ang
0,0,0.0578796518
0.2495822397,0.6369648038,2.070188204
0.463228044,0.493649931,2.694186686
0.707090985,0.5162499992,7.17339991
1,-0.1770957745,0.6067971645
