reaction_coordinate,energy_ev,error_ev_ang
0,0,0.0578796518
0.222931978,0.3727915126,0.3067493801
0.4387738204,0.1294673146,0.133006116
0.7000295234,-0.2459643198,0.1546059553
1,-0.1770957752,0.6067971644
