reaction_coordinate,energy_ev,error_ev_ang
0,0,0.0578796518
0.2068445514,0.6510322042,2.283521583
0.4289543506,0.5212734912,0.3008151115
0.6866227632,-0.0213915311,0.2423624341
1,-0.1770957752,0.6067971644
