reaction_coordinate,energy_ev,error_ev_ang
0,0,0.0578796518
0.1930689935,0.3719985119,0.0897659474
0.4216770316,-0.0159445277,0.2664947129
0.7013713762,-0.2403603869,0.2835510358
1,-0.1770957752,0.6067971644
