reaction_coordinate,energy_ev,error_ev_ang
0,0,0.0578796518
0.1932769739,0.3722378637,0.2017048099
0.4216362872,-0.0098570546,0.5739647359
0.7018232727,-0.2415773701,0.128318899
1,-0.1770957752,0.6067971644
