reaction_coordinate,energy_ev,error_ev_ang
0,0,0.0578796518
0.1887892074,1.732476405,1.051842594
0.426238773,0.3886448501,0.4642564234
0.7111975478,-0.1215897017,0.4434652162
1,-0.1770957752,0.6067971644
