reaction_coordinate,energy_ev,error_ev_ang
0,0,0.0578796518
0.212456213,0.5502529491,1.347366449
0.4291521754,0.5280182431,0.8689731137
0.6840241773,-0.0466637516,0.2479682398
1,-0.1770957752,0.6067971644
