reaction_coordinate,energy_ev,error_ev_ang
0,0,0.0578796518
0.2746192613,0.9967066418,1.227085319
0.5026284016,0.8579289235,1.422634756
0.7299271403,0.7043203485,1.066052344
1,-0.1770957745,0.6067971645
