reaction_coordinate,energy_ev,error_ev_ang
0,0,0.0402237046
0.2583777399,0.0302356216,0.1600218334
0.4641316815,0.0003468088,0.1935825933
0.7053453691,-0.0840943662,0.1395959979
1,-0.1167838084,0.1071702915
