reaction_coordinate,energy_ev,error_ev_ang
0,0,0.0578796518
0.2459973045,0.5009695971,0.7831434541
0.4572844408,0.4195155405,1.660536126
0.7042840842,0.1404557144,3.140027869
1,-0.1770957745,0.6067971645
