step,energy_ry
4,-10373.61334596
10,-10373.61335446
