step,gradient_error_ry_bohr
4,0.0009
10,0.00079
28,0.00047
