step,scf_accuracy_ry
1,4.94e-06
2,8.509e-05
3,3.124e-05
4,1.2e-07
1,0.00097214
2,0.04008583
3,0.00289414
4,6.368e-05
5,1.33e-06
6,1.08e-06
7,1.01e-06
8,8.6e-07
9,8.2e-07
10,1.9e-07
1,7.962e-05
2,0.00077139
3,0.00065889
4,1.124e-05
5,1.17e-06
