step,scf_accuracy_ry
1,4.94e-06
2,8.509e-05
3,3.124e-05
4,1.2e-07
1,0.00097214
2,0.04008583
3,0.00289414
4,6.368e-05
5,1.33e-06
6,1.08e-06
7,1.01e-06
8,8.6e-07
9,8.2e-07
10,1.9e-07
1,7.962e-05
2,0.00077139
3,0.00065889
4,1.124e-05
5,1.17e-06
6,7.7e-07
7,5.9e-07
8,8.2e-07
9,3.5e-07
10,2.3e-07
11,1.4e-07
12,2.2e-07
13,7.3e-07
14,1.2e-07
15,7e-08
16,4e-08
17,4e-08
18,4e-08
19,5e-08
20,1e-08
21,5.8e-09
22,5.2e-09
23,1e-08
24,1e-08
25,6.3e-09
26,3.3e-09
27,2.5e-09
28,1.1e-09
