step,total_force_ry_bohr
4,0.003395
10,0.002766
28,0.002225
