step,energy_ry
1,-5913.55252644
2,-5913.7421277
3,-5913.83552784
4,-5913.90801381
5,-5913.97923866
6,-5914.01643306
7,-5914.04483939
8,-5914.05638119
9,-5914.06196348
10,-5914.0666654
11,-5914.07029267
12,-5914.07287279
13,-5914.07594209
14,-5914.07956992
15,-5914.08528638
16,-5914.09345309
17,-5914.10264909
18,-5914.11274798
19,-5914.12827293
