step,energy_ry
1,-11455.20070827
2,-11455.20073078
