step,energy_ry
1,-11455.20070827
2,-11455.20073078
3,-11455.20074829
4,-11455.2007642
