step,energy_ry
1,-11454.90307443
2,-11455.09979376
3,-11455.165549
4,-11455.17441136
5,-11455.17841587
