step,energy_ry
1,-11455.20070827
2,-11455.20073078
3,-11455.20074829
4,-11455.2007642
5,-11455.20076945
6,-11455.20077574
7,-11455.20078276
8,-11455.20078834
9,-11455.20079014
10,-11455.20079136
11,-11455.20079219
12,-11455.20079304
13,-11455.20079365
14,-11455.20079389
15,-11455.20079432
16,-11455.20079465
17,-11455.20079493
18,-11455.20079507
19,-11455.20079498
20,-11455.20079533
