step,energy_ry
1,-11454.90307443
2,-11455.09979376
