step,energy_ry
1,-5913.55252644
2,-5913.7421277
3,-5913.83552784
4,-5913.90801381
