step,energy_ry
5,-11455.20070827
9,-11455.20073078
29,-11455.20074829
31,-11455.2007642
23,-11455.20076945
23,-11455.20077574
24,-11455.20078276
24,-11455.20078834
19,-11455.20079014
19,-11455.20079136
19,-11455.20079219
17,-11455.20079304
20,-11455.20079365
17,-11455.20079389
19,-11455.20079432
17,-11455.20079465
16,-11455.20079493
16,-11455.20079507
12,-11455.20079498
13,-11455.20079533
14,-11455.20079533
