step,gradient_error_ry_bohr
1,0.0011
2,0.00089
3,0.00052
4,0.00038
5,0.00039
