step,gradient_error_ry_bohr
5,0.0011
9,0.00089
29,0.00052
31,0.00038
23,0.00039
23,0.00038
24,0.00031
24,0.0002
19,0.00018
19,0.00019
19,0.00016
17,0.00011
20,9.9e-05
17,0.00011
19,0.00012
17,7.4e-05
16,6.7e-05
16,9e-05
12,7.3e-05
13,7.6e-05
14,5e-05
