step,gradient_error_ry_bohr
1,0.0011
2,0.00089
3,0.00052
4,0.00038
5,0.00039
6,0.00038
7,0.00031
8,0.0002
9,0.00018
10,0.00019
11,0.00016
12,0.00011
13,9.9e-05
14,0.00011
15,0.00012
16,7.4e-05
17,6.7e-05
18,9e-05
19,7.3e-05
20,7.6e-05
21,5e-05
