step,gradient_error_ry_bohr
1,0.0011
2,0.00089
3,0.00052
4,0.00038
5,0.00039
6,0.00038
7,0.00031
8,0.0002
9,0.00018
10,0.00019
11,0.00016
12,0.00011
