step,total_force_ry_bohr
1,0.528418
2,0.238583
3,0.077686
