step,total_force_ry_bohr
1,0.218698
2,0.18191
3,0.147258
4,0.104403
5,0.053551
6,0.013814
7,0.007441
8,0.006992
9,0.006794
10,0.006962
11,0.008013
12,0.010037
13,0.01227
14,0.012833
15,0.010368
16,0.004609
17,0.001354
