step,total_force_ry_bohr
5,0.005093
9,0.00409
29,0.002637
31,0.001723
23,0.001876
23,0.001954
24,0.001716
24,0.001073
19,0.000875
19,0.000788
19,0.000674
17,0.00055
20,0.000443
17,0.000433
19,0.000408
17,0.000353
16,0.000313
16,0.000311
12,0.000264
13,0.000274
14,0.000173
