step,total_force_ry_bohr
1,0.55111
2,0.258117
3,0.203511
4,0.176507
5,0.166181
