step,total_force_ry_bohr
1,0.55111
2,0.258117
3,0.203511
4,0.176507
5,0.166181
6,0.142315
7,0.090575
8,0.061771
9,0.054566
10,0.045957
11,0.038735
12,0.038472
