step,total_force_ry_bohr
1,0.528418
2,0.238583
3,0.077686
4,0.051581
5,0.048939
6,0.046601
7,0.042927
8,0.03897
9,0.034078
10,0.02896
11,0.025198
12,0.021448
13,0.0173
14,0.012767
15,0.008936
16,0.007105
17,0.006613
