step,total_force_ry_bohr
1,0.005093
2,0.00409
3,0.002637
4,0.001723
5,0.001876
6,0.001954
7,0.001716
8,0.001073
9,0.000875
10,0.000788
11,0.000674
12,0.00055
13,0.000443
14,0.000433
15,0.000408
16,0.000353
17,0.000313
