step,total_force_ry_bohr
1,0.005093
2,0.00409
3,0.002637
4,0.001723
5,0.001876
6,0.001954
7,0.001716
8,0.001073
