step,total_force_ry_bohr
1,0.528418
2,0.238583
3,0.077686
4,0.051581
5,0.048939
6,0.046601
7,0.042927
