step,total_force_ry_bohr
1,0.55111
2,0.258117
3,0.203511
4,0.176507
5,0.166181
6,0.142315
7,0.090575
8,0.061771
9,0.054566
10,0.045957
11,0.038735
12,0.038472
13,0.046636
14,0.057046
15,0.070861
16,0.088904
17,0.112177
18,0.110012
19,0.102032
20,0.09937
21,0.101534
