step,energy_ry
91,-7323.78116582
34,-7323.81457819
35,-7323.84514095
33,-7323.87325508
35,-7323.88983621
23,-7323.89784147
27,-7323.9047834
26,-7323.91234795
28,-7323.92056187
32,-7323.92608591
26,-7323.92816196
