step,energy_ry
91,-7323.78116582
34,-7323.81457819
35,-7323.84514095
33,-7323.87325508
35,-7323.88983621
23,-7323.89784147
27,-7323.9047834
26,-7323.91234795
28,-7323.92056187
32,-7323.92608591
26,-7323.92816196
27,-7323.93026011
27,-7323.93312803
33,-7323.93604056
30,-7323.93808398
31,-7323.93951985
34,-7323.94120707
30,-7323.94422555
37,-7323.94764854
29,-7323.9475843
