step,energy_ry
89,-7323.84734274
26,-7323.86926802
29,-7323.89883088
27,-7323.91029628
29,-7323.9197263
30,-7323.92993546
30,-7323.94248375
