step,energy_ry
18,-7324.03386567
29,-7324.03389805
