step,energy_ry
89,-7323.84734274
26,-7323.86926802
