step,energy_ry
91,-7323.78116582
34,-7323.81457819
35,-7323.84514095
33,-7323.87325508
