step,energy_ry
100,-7323.84090834
26,-7323.86672168
26,-7323.89079974
32,-7323.90254361
26,-7323.90903392
25,-7323.91547797
27,-7323.92396169
28,-7323.93470307
