step,energy_ry
85,-7323.79142908
26,-7323.87120151
28,-7323.9128553
29,-7323.93694962
