step,energy_ry
85,-7323.79142908
26,-7323.87120151
