step,energy_ry
60,-7323.73922264
30,-7323.8793709
25,-7323.92321528
30,-7323.94914807
33,-7323.96272866
35,-7323.97331379
30,-7323.98365535
29,-7323.9939996
37,-7324.00116142
33,-7324.00594944
37,-7324.01047325
36,-7324.01404094
37,-7324.01831252
36,-7324.02271907
37,-7324.02707384
36,-7324.02948411
38,-7324.03152563
36,-7324.03317218
