step,energy_ry
89,-7323.84734274
26,-7323.86926802
29,-7323.89883088
27,-7323.91029628
