step,energy_ry
93,-7323.85809541
26,-7323.88020838
29,-7323.90972008
28,-7323.92074675
29,-7323.93127464
