step,energy_ry
60,-7323.73922264
30,-7323.8793709
25,-7323.92321528
30,-7323.94914807
33,-7323.96272866
35,-7323.97331379
30,-7323.98365535
29,-7323.9939996
37,-7324.00116142
