step,energy_ry
60,-7323.73922264
30,-7323.8793709
