step,energy_ry
93,-7323.85809541
26,-7323.88020838
