step,energy_ry
100,-7323.84090834
26,-7323.86672168
26,-7323.89079974
