step,energy_ry
89,-7323.84734274
26,-7323.86926802
29,-7323.89883088
29,-7323.9102963
32,-7323.919726
32,-7323.92993085
