step,energy_ry
100,-7323.84090834
26,-7323.86672168
26,-7323.89079974
32,-7323.90254361
26,-7323.90903392
