step,energy_ry
18,-7324.03386567
29,-7324.03389805
29,-7324.03393295
30,-7324.033979
28,-7324.03403318
32,-7324.03410666
