step,scf_accuracy_ry
1,0.00013375
2,0.00011589
3,0.00039849
4,0.00036444
5,4.778e-05
6,1.129e-05
7,7.62e-06
8,4.46e-06
9,7.6e-06
10,2.38e-06
11,9e-07
12,5.6e-07
13,8.7e-07
14,4.3e-07
15,7.2e-07
16,4.7e-07
17,1.6e-07
18,7e-08
