step,scf_accuracy_ry
1,152.16527553
2,5599.4161833
3,62.96287407
4,13.18274907
5,46.75557482
6,24.37705114
7,13.74217902
8,7.09405574
9,2.65521284
