step,scf_accuracy_ry
1,152.34623348
2,5549.51929615
3,62.95184351
4,12.86555142
5,51.61904211
6,28.2610495
7,14.19614215
8,8.59497988
9,2.8597576
10,1.8545122
11,2.19685071
12,1.47679566
13,0.31995322
14,0.19678571
15,0.17534696
16,0.08868501
17,0.06422596
18,0.05703634
19,0.0555546
20,0.03215987
21,0.0157875
22,0.01858719
23,0.01269742
24,0.00634334
25,0.00943053
26,0.00610345
27,0.00446234
28,0.00254755
29,0.00156119
