step,scf_accuracy_ry
1,152.34623348
2,5549.51929615
3,62.95184351
4,12.86555142
5,51.61904211
6,28.2610495
7,14.19614215
8,8.59497988
9,2.8597576
10,1.8545122
11,2.19685071
12,1.47679566
13,0.31995322
14,0.19678571
