step,scf_accuracy_ry
1,142.50149497
2,3527.64365731
