step,total_force_ry_bohr
91,0.200551
34,0.144615
35,0.107602
