step,total_force_ry_bohr
93,0.182407
26,0.153788
29,0.100475
28,0.093464
29,0.080112
