step,total_force_ry_bohr
18,0.0055
29,0.00643
29,0.006798
