step,total_force_ry_bohr
18,0.0055
29,0.00643
29,0.006798
30,0.006474
28,0.005639
