step,total_force_ry_bohr
91,0.200551
34,0.144615
35,0.107602
33,0.091169
35,0.108921
23,0.082806
27,0.067961
26,0.058024
28,0.040609
32,0.052127
26,0.047529
27,0.043283
27,0.035616
33,0.029201
30,0.040011
31,0.0381
34,0.038788
30,0.035498
37,0.041798
29,0.073521
26,0.035673
29,0.031133
33,0.03128
29,0.02329
27,0.016884
26,0.017
29,0.013394
33,0.012939
31,0.011817
36,0.012117
37,0.012665
33,0.009442
28,0.00918
31,0.009117
32,0.010361
36,0.011582
34,0.013163
