step,total_force_ry_bohr
89,0.18281
26,0.155459
29,0.100915
29,0.093466
32,0.077848
32,0.075293
32,0.080207
36,0.081541
32,0.071199
28,0.049753
31,0.04565
31,0.045615
33,0.039387
31,0.029879
31,0.019909
32,0.019378
31,0.017745
33,0.015041
32,0.013988
30,0.013232
29,0.011157
28,0.009437
29,0.009039
28,0.009847
32,0.01175
34,0.012998
33,0.01255
33,0.011401
36,0.011065
36,0.011114
30,0.011741
29,0.015204
