step,total_force_ry_bohr
89,0.18281
26,0.155459
29,0.100915
29,0.093466
32,0.077848
32,0.075293
