step,total_force_ry_bohr
18,0.0055
29,0.00643
29,0.006798
30,0.006474
28,0.005639
32,0.004117
32,0.002848
32,0.004131
31,0.002628
