step,total_force_ry_bohr
100,0.204012
26,0.155858
26,0.126149
