step,total_force_ry_bohr
93,0.182407
26,0.153788
29,0.100475
28,0.093464
29,0.080112
28,0.077426
31,0.082644
33,0.086478
31,0.075203
28,0.047307
27,0.040806
28,0.039352
28,0.034391
28,0.027156
28,0.023458
26,0.022981
30,0.022972
28,0.021779
26,0.018911
29,0.01601
28,0.016182
25,0.015043
30,0.015948
28,0.017168
29,0.019329
31,0.016144
30,0.016861
28,0.017476
29,0.021778
29,0.015143
27,0.011449
29,0.011474
30,0.012045
28,0.010998
27,0.01002
31,0.012449
32,0.031579
