step,total_force_ry_bohr
100,0.204012
26,0.155858
26,0.126149
32,0.092678
26,0.072656
25,0.073077
27,0.075435
28,0.072299
29,0.062461
33,0.061723
29,0.042423
31,0.03287
29,0.029032
30,0.025767
30,0.034533
