step,total_force_ry_bohr
85,0.349288
26,0.172306
28,0.107389
29,0.08914
30,0.102917
29,0.076504
32,0.073633
29,0.072008
29,0.068512
31,0.056877
33,0.044779
33,0.040476
31,0.042725
32,0.044868
36,0.043724
39,0.039563
36,0.036459
35,0.038506
33,0.03561
30,0.028284
33,0.025365
30,0.025587
31,0.025731
33,0.025862
35,0.025686
33,0.025699
33,0.026747
33,0.026102
32,0.067066
43,0.033413
28,0.020356
29,0.018441
30,0.023882
27,0.02005
27,0.019492
27,0.014362
