step,total_force_ry_bohr
85,0.349288
26,0.172306
28,0.107389
29,0.08914
30,0.102917
29,0.076504
