step,total_force_ry_bohr
89,0.18281
26,0.155459
29,0.100915
27,0.093466
29,0.077856
30,0.075295
30,0.080208
29,0.081529
