step,total_force_ry_bohr
91,0.200551
34,0.144615
35,0.107602
33,0.091169
35,0.108921
23,0.082806
27,0.067961
26,0.058024
28,0.040609
