step,total_force_ry_bohr
91,0.200551
34,0.144615
35,0.107602
33,0.091169
35,0.108921
23,0.082806
27,0.067961
26,0.058024
28,0.040609
32,0.052127
26,0.047529
27,0.043283
27,0.035616
33,0.029201
30,0.040011
31,0.0381
34,0.038788
30,0.035498
