step,total_force_ry_bohr
89,0.18281
26,0.155459
29,0.100915
29,0.093466
32,0.077848
32,0.075293
32,0.080207
36,0.081541
32,0.071199
28,0.049753
31,0.04565
31,0.045615
33,0.039387
31,0.029879
31,0.019909
