step,total_force_ry_bohr
100,0.204012
26,0.155858
26,0.126149
32,0.092678
26,0.072656
25,0.073077
27,0.075435
28,0.072299
29,0.062461
33,0.061723
29,0.042423
31,0.03287
29,0.029032
30,0.025767
30,0.034533
27,0.033904
27,0.029456
28,0.031614
30,0.040587
25,0.023295
25,0.019774
26,0.018952
27,0.01994
26,0.023339
30,0.029087
31,0.035971
28,0.03341
30,0.030422
31,0.027903
