step,total_force_ry_bohr
60,0.464168
30,0.187176
25,0.106846
30,0.085308
33,0.097871
35,0.076743
30,0.0734
29,0.065508
37,0.061559
33,0.054848
37,0.048919
36,0.043195
37,0.04293
36,0.042121
37,0.03999
36,0.033958
38,0.027795
36,0.024659
33,0.020301
33,0.019054
24,0.016814
27,0.013224
31,0.012349
29,0.012499
29,0.012888
33,0.012288
33,0.011685
31,0.011506
