step,total_force_ry_bohr
60,0.464168
30,0.187176
25,0.106846
30,0.085308
33,0.097871
35,0.076743
