step,energy_ry
1,-7385.37405385
2,-7385.38574759
3,-7385.39658381
