step,energy_ry
1,-7385.93968477
2,-7385.95119417
3,-7385.95974191
4,-7385.96258675
5,-7385.964976
6,-7385.96747403
7,-7385.96961473
8,-7385.97147804
9,-7385.97321484
10,-7385.97464778
11,-7385.9756611
