step,energy_ry
1,-7385.93968477
2,-7385.95119417
3,-7385.95974191
4,-7385.96258675
5,-7385.964976
6,-7385.96747403
7,-7385.96961473
8,-7385.97147804
9,-7385.97321484
10,-7385.97464778
11,-7385.9756611
12,-7385.97663341
13,-7385.97767111
14,-7385.97855753
15,-7385.9792244
16,-7385.97977296
17,-7385.98038511
18,-7385.98096242
19,-7385.98141907
20,-7385.98179534
21,-7385.98221189
22,-7385.98259457
