step,energy_ry
1,-7385.93968477
2,-7385.95119417
