step,total_force_ry_bohr
1,0.131251
2,0.08819
3,0.056899
4,0.054005
5,0.053484
