step,total_force_ry_bohr
1,0.132432
2,0.083651
3,0.049269
4,0.043163
5,0.039594
6,0.036393
7,0.03437
8,0.034691
9,0.034969
10,0.029168
11,0.023731
12,0.023643
13,0.023693
14,0.022285
15,0.019656
16,0.019568
17,0.019093
18,0.016866
