step,total_force_ry_bohr
1,0.132432
2,0.083651
3,0.049269
4,0.043163
