step,total_force_ry_bohr
1,0.132432
2,0.083651
3,0.049269
4,0.043163
5,0.039594
6,0.036393
7,0.03437
8,0.034691
9,0.034969
10,0.029168
11,0.023731
12,0.023643
