step,total_force_ry_bohr
1,0.131251
2,0.08819
3,0.056899
4,0.054005
5,0.053484
6,0.053774
7,0.050599
8,0.046432
