step,energy_ry
86,-11738.27504678
23,-11738.27727468
27,-11738.2793781
29,-11738.28168027
32,-11738.28356189
32,-11738.28414295
31,-11738.28488924
31,-11738.28572065
