step,energy_ry
86,-11738.27504678
23,-11738.27727468
