step,energy_ry
86,-11738.27504678
23,-11738.27727468
27,-11738.2793781
29,-11738.28168027
