step,energy_ry
86,-11738.27504678
23,-11738.27727468
27,-11738.2793781
29,-11738.28168027
32,-11738.28356189
32,-11738.28414295
31,-11738.28488924
31,-11738.28572065
27,-11738.28603027
28,-11738.28628186
37,-11738.28656081
35,-11738.28688423
33,-11738.28704886
31,-11738.28718199
35,-11738.28731176
33,-11738.28744651
36,-11738.28757162
34,-11738.28770983
34,-11738.28784683
36,-11738.28800517
37,-11738.28815981
