step,scf_accuracy_ry
1,115.91453787
2,127.08526054
3,45.65530952
4,22.08609026
5,26.51126965
6,22.60440589
7,14.09881808
8,7.94637187
9,6.1497629
10,6.21345142
11,5.14750446
12,11.64899472
13,8.44872345
14,6.34261004
15,7.20418759
16,3.52114412
17,4.76706474
