step,total_force_ry_bohr
86,0.053014
23,0.048121
27,0.03608
29,0.02776
