step,total_force_ry_bohr
86,0.053014
23,0.048121
27,0.03608
29,0.02776
32,0.024307
32,0.022827
31,0.019412
31,0.016397
27,0.015167
