step,energy_ry
1,-6579.68193219
2,-6580.07306754
