step,energy_ry
1,-6579.68193219
2,-6580.07306754
3,-6580.34443215
4,-6580.52265998
5,-6580.57409505
