step,energy_ry
1,-6580.04935071
2,-6580.41157973
3,-6580.56602035
4,-6580.66332015
5,-6580.71957129
6,-6580.75585372
7,-6580.79452619
8,-6580.83675973
9,-6580.86606866
10,-6580.88877258
11,-6580.9055337
12,-6580.91822562
13,-6580.92957697
14,-6580.9348303
15,-6580.9396459
16,-6580.94384503
17,-6580.94801012
18,-6580.95024842
19,-6580.95294334
20,-6580.95524143
21,-6580.95697547
22,-6580.95829945
23,-6580.95948798
24,-6580.96088281
25,-6580.96215806
