step,energy_ry
1,-6579.68193219
2,-6580.07306754
3,-6580.34443215
4,-6580.52265998
5,-6580.57409505
6,-6580.64165417
7,-6580.6796789
8,-6580.71437041
9,-6580.7423411
10,-6580.76709972
11,-6580.78435163
12,-6580.79913264
13,-6580.81436976
