step,energy_ry
1,-6580.04935071
2,-6580.41157973
3,-6580.56602035
