step,energy_ry
1,-6580.04935071
2,-6580.41157973
3,-6580.56602035
4,-6580.66332015
5,-6580.71957129
6,-6580.75585372
7,-6580.79452619
8,-6580.83675973
