step,total_force_ry_bohr
1,0.989443
2,0.484236
3,0.303329
4,0.243744
5,0.204366
6,0.189983
7,0.175242
8,0.15291
9,0.138282
10,0.13709
11,0.104007
12,0.104227
13,0.108706
14,0.11412
15,0.137256
16,0.126656
17,0.094252
18,0.080027
19,0.058464
20,0.047904
21,0.052128
22,0.057647
23,0.059616
24,0.056013
25,0.055252
26,0.051801
27,0.048755
28,0.045517
29,0.046885
30,0.048392
31,0.036301
32,0.03018
33,0.029422
