step,total_force_ry_bohr
1,0.981426
2,0.467533
3,0.278033
