step,total_force_ry_bohr
1,0.989443
2,0.484236
3,0.303329
