step,total_force_ry_bohr
1,0.989443
2,0.484236
3,0.303329
4,0.243744
5,0.204366
6,0.189983
7,0.175242
8,0.15291
9,0.138282
10,0.13709
11,0.104007
12,0.104227
13,0.108706
