step,total_force_ry_bohr
1,0.981426
2,0.467533
3,0.278033
4,0.212967
5,0.179895
6,0.141229
7,0.154209
8,0.181551
9,0.167492
10,0.127596
11,0.110993
12,0.106866
13,0.078464
14,0.065047
15,0.058256
16,0.052628
17,0.041235
18,0.037543
