step,total_force_ry_bohr
1,0.981426
2,0.467533
3,0.278033
4,0.212967
5,0.179895
6,0.141229
7,0.154209
8,0.181551
