step,energy_ry
87,-6614.52286984
32,-6614.53076099
46,-6614.54340481
