step,energy_ry
87,-6614.52286984
32,-6614.53076099
46,-6614.54340481
40,-6614.5524552
47,-6614.56252736
50,-6614.57150021
38,-6614.57622707
41,-6614.58070682
41,-6614.58188093
45,-6614.58292397
