step,energy_ry
87,-6614.52286984
32,-6614.53076099
46,-6614.54340481
40,-6614.5524552
47,-6614.56252736
50,-6614.57150021
