step,scf_accuracy_ry
1,30.32798848
2,118.66104334
3,20.56262305
4,256.96435885
5,9.27375904
6,11.65399693
7,5.48503378
8,6.53734478
9,5.68131874
10,3.51509066
11,1.08721539
12,0.79146229
13,0.25766756
14,0.64437672
15,0.09185644
16,0.06989471
17,0.04760485
18,0.02021395
19,0.02275399
20,0.01439219
21,0.00976629
22,0.01060504
