step,total_force_ry_bohr
87,0.108515
32,0.087095
46,0.083533
40,0.08205
