step,total_force_ry_bohr
87,0.108515
32,0.087095
46,0.083533
40,0.08205
47,0.079123
50,0.075529
38,0.056437
41,0.03732
41,0.029071
45,0.023371
36,0.01937
38,0.016262
36,0.015805
38,0.016228
38,0.017942
42,0.019203
36,0.016577
42,0.012181
35,0.010614
35,0.009861
41,0.01017
46,0.00886
46,0.009277
48,0.009903
