step,energy_ry
72,-10373.5075107
33,-10373.51421049
42,-10373.52477084
49,-10373.52488241
42,-10373.52903891
39,-10373.53033611
