step,scf_accuracy_ry
1,44.65113755
2,54.85121721
3,29.57342906
4,108.04493294
5,24.07412382
6,22.19484446
7,9.58693874
8,6.94754203
9,4.46876705
10,3.60745991
11,2.25600198
12,0.92581797
13,0.73715597
14,0.60896656
15,3.46569156
16,0.69815028
