step,total_force_ry_bohr
72,0.094302
33,0.086203
42,0.074226
49,0.137969
