step,total_force_ry_bohr
72,0.094302
33,0.086203
42,0.074226
49,0.137969
42,0.055204
39,0.056348
37,0.050927
36,0.050775
37,0.054725
36,0.065903
39,0.088789
38,0.104201
32,0.083379
29,0.072999
