reaction_coordinate,energy_ev,error_ev_ang
0,0,0.0432392432
0.2350836927,0.0823594331,1.147148025
0.4555593961,0.3774858524,1.694992277
0.6996833128,-0.2467365547,2.849507947
1,-0.5309917257,0.0545427185
