reaction_coordinate,energy_ev,error_ev_ang
0,0,0.0432392432
0.2416769585,0.0500830562,0.2978949672
0.4744858925,0.233800273,0.237210442
0.7089903815,-0.3537797408,0.1449037518
1,-0.5309917257,0.0545427185
