reaction_coordinate,energy_ev,error_ev_ang
0,0,0.0432392432
0.2378053728,0.1941178031,2.434423149
0.4562726401,0.6097863144,3.456797628
0.6985539638,0.2873149391,3.938333371
1,-0.5309917261,0.0545427185
