reaction_coordinate,energy_ev,error_ev_ang
0,0,0.0432392432
0.2415173578,0.0521162714,0.5290189106
0.4748550622,0.221665006,0.5487108577
0.7092396449,-0.3496979311,0.1120736916
1,-0.5309917257,0.0545427185
