reaction_coordinate,energy_ev,error_ev_ang
0,0,0.0432392432
0.2483045294,0.1093109764,0.6971336403
0.4688750254,0.6340034657,0.8206783394
0.7063457187,-0.2792384445,0.6144795469
1,-0.5309917261,0.0545427185
