reaction_coordinate,energy_ev,error_ev_ang
0,0,0.0432392432
0.2414626745,0.0482391032,0.3828211632
0.4748546057,0.2171981728,0.1152187617
0.7092607429,-0.3495450169,0.0746096381
1,-0.5309917257,0.0545427185
