reaction_coordinate,energy_ev,error_ev_ang
0,0,0.0432392432
0.2360508551,0.0591297009,0.0993282534
0.4596045273,0.332213169,0.1988010278
0.7003002599,-0.3585627853,0.0812091488
1,-0.5309917257,0.0545427185
