reaction_coordinate,energy_ev,error_ev_ang
0,0,0.0432392432
0.2394432002,0.0874835851,0.5162150031
0.4578807642,0.5207432174,0.3919428236
0.6991196672,-0.3049474688,0.5089422666
1,-0.5309917261,0.0545427185
