reaction_coordinate,energy_ev,error_ev_ang
0,0,0.0432392432
0.2417161764,0.3357324477,3.61831203
0.4749981697,0.8664859107,10.84434504
0.7094075704,-0.3353589627,0.7834133989
1,-0.5309917257,0.0545427185
