reaction_coordinate,energy_ev,error_ev_ang
0,0,0.0432392432
0.2382356486,0.2721025957,3.444744988
0.463041321,0.3871122629,1.551989165
0.7024166536,-0.248950323,2.406564135
1,-0.5309917257,0.0545427185
