reaction_coordinate,energy_ev,error_ev_ang
0,0,0.0432392432
0.2798677046,0.2121349702,2.268193879
0.5152677872,1.481318758,1.139533576
0.7345897966,0.7139616288,0.3654768286
1,-0.5309917261,0.0545427185
