reaction_coordinate,energy_ev,error_ev_ang
0,0,0.0432392432
0.2797992838,1.007554687,3.005873513
0.5059383032,2.812529311,1.072974889
0.7253642968,2.326339118,1.774931637
1,-0.5309917261,0.0545427185
