reaction_coordinate,energy_ev,error_ev_ang
0,0,0.0432392432
0.236549811,0.0471583949,0.7675355664
0.4699946829,0.1180828153,0.5661561247
0.7072293765,-0.3191933111,0.1886891498
1,-0.5309917257,0.0545427185
