reaction_coordinate,energy_ev,error_ev_ang
0,0,0.0432392432
0.2614589415,0.1538787537,1.642998036
0.4824397254,1.356055508,0.3880971233
0.7128901366,-0.2575341027,0.3557296768
1,-0.5309917261,0.0545427185
