reaction_coordinate,energy_ev,error_ev_ang
0,0,0.0432392432
0.2415436792,0.0616198232,1.181776128
0.4749477408,0.2287944663,0.5566816599
0.7094539238,-0.3458849482,0.504494814
1,-0.5309917257,0.0545427185
