reaction_coordinate,energy_ev,error_ev_ang
0,0,0.0432392432
0.2707342668,0.1940205285,1.640994035
0.4964607905,1.549643004,3.751069511
0.7217387302,0.0424458968,1.842245476
1,-0.5309917261,0.0545427185
