reaction_coordinate,energy_ev,error_ev_ang
0,0,0.0432392432
0.2413155562,0.0453319934,0.0270045174
0.4749004122,0.2102877827,0.0661181559
0.709317077,-0.3476993432,0.0170819145
1,-0.5309917257,0.0545427185
