reaction_coordinate,energy_ev,error_ev_ang
0,0,0.0432392432
0.2837925952,0.1752270627,0.4149657557
0.5220306276,1.52103615,0.4774349099
0.7379511628,0.9502355812,0.3497387
1,-0.5309917261,0.0545427185
