reaction_coordinate,energy_ev,error_ev_ang
0,0,0.0432392432
0.2397688571,0.0851648602,0.387301173
0.4599870509,0.6133478584,2.641488221
0.700557631,-0.2407577301,2.264006134
1,-0.5309917261,0.0545427185
