reaction_coordinate,energy_ev,error_ev_ang
0,0,0.0432392432
0.2411619018,0.0443184031,0.2068995283
0.4752669232,0.1981901607,0.3204316389
0.7095667384,-0.3446418499,0.0461439727
1,-0.5309917257,0.0545427185
