reaction_coordinate,energy_ev,error_ev_ang
0,0,0.0432392432
0.2504718418,0.1057424186,0.2471459303
0.4715916686,0.6472747726,0.6536696552
0.7077952305,-0.2731392001,0.6560151334
1,-0.5309917261,0.0545427185
