reaction_coordinate,energy_ev,error_ev_ang
0,0,0.0432392432
0.2414193957,0.0520538042,0.5734301772
0.4748876011,0.2154576879,0.1149953264
0.7092746885,-0.3487660645,0.137235488
1,-0.5309917257,0.0545427185
