reaction_coordinate,energy_ev,error_ev_ang
0,0,0.0432392432
0.2415058909,0.0466383927,0.1560014892
0.4748490472,0.2182258866,0.0768404317
0.7092425515,-0.3498755763,0.0435171928
1,-0.5309917257,0.0545427185
