reaction_coordinate,energy_ev,error_ev_ang
0,0,0.0432392432
0.2598177629,2.736113082,1.917257355
0.5006918019,3.556045688,1.68595554
0.7400810345,3.097332358,1.927615478
1,-0.5309917261,0.0545427185
