reaction_coordinate,energy_ev,error_ev_ang
0,0,0.0432392432
0.2358534005,0.0595412225,0.1012237993
0.4587790207,0.3362634759,0.1885543695
0.6998741267,-0.3574001948,0.255758506
1,-0.5309917257,0.0545427185
