reaction_coordinate,energy_ev,error_ev_ang
0,0,0.0432392432
0.2360294205,0.0723026678,0.4760915114
0.454124247,0.4083905208,0.3569384604
0.697715753,-0.3437397509,0.0933535151
1,-0.5309917257,0.0545427185
