reaction_coordinate,energy_ev,error_ev_ang
0,0,0.0432392432
0.2344797513,0.0633698686,0.4971032115
0.4554447823,0.3497969847,0.1434698941
0.6979887824,-0.3541414389,0.0721718389
1,-0.5309917257,0.0545427185
