reaction_coordinate,energy_ev,error_ev_ang
0,0,0.0432392432
0.2794236111,0.8391506551,2.673443015
0.508015177,2.662524132,0.9700127423
0.7262507926,2.097355511,1.238629772
1,-0.5309917261,0.0545427185
