reaction_coordinate,energy_ev,error_ev_ang
0,0,0.0432392432
0.2374869436,0.0330640375,0.0432469759
0.4713318755,0.1227036477,0.4718358982
0.7078192414,-0.3212016266,0.035840273
1,-0.5309917257,0.0545427185
