reaction_coordinate,energy_ev,error_ev_ang
0,0,0.0432392432
0.2786158925,0.6650887325,4.872623962
0.5131414077,1.683476747,2.309868503
0.7354746392,0.6203682135,0.8840930462
1,-0.5309917261,0.0545427185
