reaction_coordinate,energy_ev,error_ev_ang
0,0,0.0432392432
0.2416268962,0.0454712667,0.1843095191
0.4752854872,0.2015164162,0.4270667952
0.7094971242,-0.3448590023,0.0726186896
1,-0.5309917257,0.0545427185
