reaction_coordinate,energy_ev,error_ev_ang
0,0,0.0432392432
0.2418297797,0.0533387042,0.2931043765
0.4736278461,0.2535763052,0.1128906158
0.707980816,-0.3572064111,0.0659861069
1,-0.5309917257,0.0545427185
