reaction_coordinate,energy_ev,error_ev_ang
0,0,0.0432392432
0.2574170456,0.6580236776,8.511103223
0.4781209743,1.999519441,11.0309579
0.7114708419,0.2658968611,7.172394421
1,-0.5309917261,0.0545427185
