reaction_coordinate,energy_ev,error_ev_ang
0,0,0.0432392432
0.2412839621,0.0465831623,0.3411692901
0.4748992709,0.20940592,0.2762814073
0.709321711,-0.3472602176,0.0401525498
1,-0.5309917257,0.0545427185
