reaction_coordinate,energy_ev,error_ev_ang
0,0,0.0432392432
0.2393739082,0.134478569,1.394941567
0.4662885506,0.3842356908,1.596275712
0.7050410606,-0.3269321859,1.110227466
1,-0.5309917257,0.0545427185
