reaction_coordinate,energy_ev,error_ev_ang
0,0,0.0432392432
0.2327953622,0.0626597428,0.145207762
0.4507276508,0.3703866657,0.0777041028
0.69555375,-0.3418149518,0.0352036652
1,-0.5309917257,0.0545427185
