reaction_coordinate,energy_ev,error_ev_ang
0,0,0.0432392432
0.2374637785,0.0329470949,0.0384684784
0.4712956888,0.1208566353,0.3710917721
0.7077601047,-0.3210818662,0.0260958272
1,-0.5309917257,0.0545427185
