reaction_coordinate,energy_ev,error_ev_ang
0,0,0.0432392432
0.2598412753,0.1503005793,1.66183692
0.4806662145,1.239993012,0.5657713745
0.712164479,-0.2837379913,0.3886760993
1,-0.5309917261,0.0545427185
