reaction_coordinate,energy_ev,error_ev_ang
0,0,0.0432392432
0.2326821064,0.0629290888,0.2518387094
0.4508937354,0.369256124,0.1027332979
0.6955332989,-0.3418969871,0.0636888658
1,-0.5309917257,0.0545427185
