reaction_coordinate,energy_ev,error_ev_ang
0,0,0.0432392432
0.2416840179,0.0500646477,0.1142391022
0.474151103,0.2412560196,0.0726070657
0.7087558912,-0.3562711088,0.0581327028
1,-0.5309917257,0.0545427185
