reaction_coordinate,energy_ev,error_ev_ang
0,0,0.0432392432
0.2365013067,0.0725452435,0.1447394279
0.4547728143,0.4382789774,0.8622999144
0.6979215298,-0.3358542531,0.3264665086
1,-0.5309917261,0.0545427185
