reaction_coordinate,energy_ev,error_ev_ang
0,0,0.0432392432
0.2410128168,0.0430991526,0.0819849986
0.4751191608,0.1914849549,0.0812794446
0.7095151393,-0.3430448151,0.0158000529
1,-0.5309917257,0.0545427185
