reaction_coordinate,energy_ev,error_ev_ang
0,0,0.0432392432
0.2599785316,0.1587172495,1.863102486
0.4810636364,1.252405819,0.5419793504
0.7122046769,-0.2856452728,0.5125677706
1,-0.5309917261,0.0545427185
