reaction_coordinate,energy_ev,error_ev_ang
0,0,0.0432392432
0.2416822918,0.0499935606,0.0545115005
0.4741038168,0.2422858686,0.0722978538
0.7087171402,-0.3565563119,0.0360878884
1,-0.5309917257,0.0545427185
