reaction_coordinate,energy_ev,error_ev_ang
0,0,0.0432392432
0.240200534,0.0443805086,0.5330837641
0.4745151622,0.1818918642,0.8637482939
0.7092937847,-0.3381349394,0.0720514166
1,-0.5309917257,0.0545427185
