reaction_coordinate,energy_ev,error_ev_ang
0,0,0.0432392432
0.2350637363,0.0606600251,0.1691794391
0.4563959538,0.3452325736,0.0582586711
0.6984926916,-0.355394994,0.0596541682
1,-0.5309917257,0.0545427185
