reaction_coordinate,energy_ev,error_ev_ang
0,0,0.0432392432
0.2338166949,0.0654094513,0.0868252666
0.4517373667,0.3894262385,0.4248556318
0.6961778967,-0.3409454443,0.070769411
1,-0.5309917257,0.0545427185
