reaction_coordinate,energy_ev,error_ev_ang
0,0,0.0432392432
0.2416712762,0.0515480825,0.1574008399
0.4737343284,0.249441517,0.1003755125
0.7084693036,-0.35819955,0.0692658995
1,-0.5309917257,0.0545427185
