reaction_coordinate,energy_ev,error_ev_ang
0,0,0.0432392432
0.2757665461,0.1502820237,0.2911871287
0.5062468819,1.444585277,0.3764065017
0.7275171936,0.2082876321,1.139656235
1,-0.5309917261,0.0545427185
