reaction_coordinate,energy_ev,error_ev_ang
0,0,0.0432392432
0.2416891217,0.0509685417,0.2352029427
0.4741003102,0.2428400646,0.145492509
0.708708117,-0.3565495013,0.061895323
1,-0.5309917257,0.0545427185
