reaction_coordinate,energy_ev,error_ev_ang
0,0,0.0432392432
0.2412736747,0.0443299214,0.1543167817
0.47527364,0.1991205912,0.2680046248
0.7095438861,-0.3448240535,0.0279421146
1,-0.5309917257,0.0545427185
