reaction_coordinate,energy_ev,error_ev_ang
0,0,0.0432392432
0.2594059095,0.1247988554,0.8087223009
0.4802262364,1.205679335,0.6230595414
0.7119056082,-0.2826191009,0.2938512531
1,-0.5309917261,0.0545427185
