reaction_coordinate,energy_ev,error_ev_ang
0,0,0.0432392432
0.235773982,0.0598174487,0.0951321967
0.4581386659,0.3390472479,0.0472965226
0.6995480329,-0.3571517678,0.2034590101
1,-0.5309917257,0.0545427185
