reaction_coordinate,energy_ev,error_ev_ang
0,0,0.0432392432
0.2763610808,0.1647267682,0.9954312446
0.5076725966,1.465405843,0.8267768542
0.7278449364,0.2773597845,1.072757088
1,-0.5309917261,0.0545427185
