reaction_coordinate,energy_ev,error_ev_ang
0,0,0.0432392432
0.2501748276,0.1060408786,0.4003817242
0.4712306875,0.6388041094,0.477293077
0.7075838263,-0.2844627294,0.2518033273
1,-0.5309917261,0.0545427185
