reaction_coordinate,energy_ev,error_ev_ang
0,0,0.0432392432
0.2407908333,0.0426002314,0.0704176888
0.4749978159,0.1888840642,0.2642183861
0.7094768902,-0.3420878186,0.0419150722
1,-0.5309917257,0.0545427185
