reaction_coordinate,energy_ev,error_ev_ang
0,0,0.0432392432
0.237977519,0.0925392567,0.9725794282
0.4564843808,0.4915504007,1.555509283
0.6989500108,-0.2924106532,1.31790448
1,-0.5309917261,0.0545427185
