reaction_coordinate,energy_ev,error_ev_ang
0,0,0.0432392432
0.2329151049,0.0701712976,0.8038698566
0.4506097966,0.37548736,0.4790568856
0.6956464249,-0.3402838503,0.2234053313
1,-0.5309917257,0.0545427185
