reaction_coordinate,energy_ev,error_ev_ang
0,0,0.0432392432
0.2357752737,0.0597207117,0.0655417885
0.4582159585,0.338660687,0.0542769894
0.6995934232,-0.3573947867,0.1558026142
1,-0.5309917257,0.0545427185
