reaction_coordinate,energy_ev,error_ev_ang
0,0,0.0432392432
0.2381551492,0.0937902844,0.8452285216
0.4567210601,0.5769246505,2.097188421
0.6982268927,-0.249239082,1.325572831
1,-0.5309917261,0.0545427185
