reaction_coordinate,energy_ev,error_ev_ang
0,0,0.0432392432
0.2416693032,0.0487921884,0.1549968487
0.4744912781,0.2329856456,0.0758170674
0.7089904872,-0.3540233979,0.0324243603
1,-0.5309917257,0.0545427185
