reaction_coordinate,energy_ev,error_ev_ang
0,0,0.0432392432
0.2327953622,0.0626582864,0.1488146508
0.4507276508,0.3703879817,0.0638417516
0.69555375,-0.341809606,0.0351662958
1,-0.5309917257,0.0545427185
