reaction_coordinate,energy_ev,error_ev_ang
0,0,0.0432392432
0.2355929724,0.0608170125,0.222989053
0.4581527845,0.3521706203,1.151799146
0.6994760084,-0.355357283,0.4279340194
1,-0.5309917257,0.0545427185
