reaction_coordinate,energy_ev,error_ev_ang
0,0,0.0432392432
0.2388492627,0.2065416897,3.955826278
0.4582853038,0.7145894439,5.766863618
0.7010065333,0.0600996348,6.999795606
1,-0.5309917261,0.0545427185
