reaction_coordinate,energy_ev,error_ev_ang
0,0,0.0432392432
0.2374213218,0.1383556217,2.326160576
0.4530287865,0.3835148243,0.7638680674
0.6978398555,-0.164039691,3.504225098
1,-0.5309917257,0.0545427185
