reaction_coordinate,energy_ev,error_ev_ang
0,0,0.0432392432
0.232388916,0.0779098149,1.131216773
0.4535394056,0.3578847029,0.302878484
0.6961242084,-0.3445273887,0.2256577052
1,-0.5309917257,0.0545427185
