reaction_coordinate,energy_ev,error_ev_ang
0,0,0.0432392432
0.2724049423,0.1490689778,0.455316071
0.498388234,1.449430904,1.108476847
0.7225907377,0.2762524829,4.650110565
1,-0.5309917261,0.0545427185
