reaction_coordinate,energy_ev,error_ev_ang
0,0,0.0432392432
0.2394987331,0.0915317976,0.8238377399
0.4580968525,0.5183632684,0.8772062861
0.6997315894,-0.2984912049,1.192535564
1,-0.5309917261,0.0545427185
