reaction_coordinate,energy_ev,error_ev_ang
0,0,0.0432392432
0.2667401795,2.540506299,3.744285775
0.5014305275,3.642085157,3.829908421
0.7338983321,3.185533675,4.011802665
1,-0.5309917261,0.0545427185
