reaction_coordinate,energy_ev,error_ev_ang
0,0,0.0432392432
0.2850810858,0.1924826859,0.742239736
0.5239735248,1.59540044,0.4990654637
0.7389499942,1.069117889,0.6465671958
1,-0.5309917261,0.0545427185
