reaction_coordinate,energy_ev,error_ev_ang
0,0,0.0432392432
0.2649670339,0.1343197045,0.3011127109
0.4869213488,1.418444176,0.528069621
0.7159864751,-0.2000275396,0.4900012687
1,-0.5309917261,0.0545427185
