reaction_coordinate,energy_ev,error_ev_ang
0,0,0.0432392432
0.2368390413,0.0876890608,1.016277518
0.4553729939,0.4418968792,1.029159457
0.697035607,-0.3230644273,0.5571892977
1,-0.5309917257,0.0545427185
