reaction_coordinate,energy_ev,error_ev_ang
0,0,0.0432392432
0.2344952433,0.0655073189,0.5904896538
0.4549433823,0.3638502419,1.113245898
0.6976103395,-0.3524701948,0.1876160144
1,-0.5309917257,0.0545427185
