reaction_coordinate,energy_ev,error_ev_ang
0,0,0.0432392432
0.2346634889,0.0661433013,0.3621308091
0.4557564497,0.3716676793,1.373809535
0.699827772,-0.3576767319,0.4454736732
1,-0.5309917257,0.0545427185
