reaction_coordinate,energy_ev,error_ev_ang
0,0,0.0432392432
0.237323275,0.0384237836,0.6118110988
0.471495482,0.1290563083,0.7786545143
0.7078201176,-0.3203873197,0.0962538246
1,-0.5309917257,0.0545427185
