reaction_coordinate,energy_ev,error_ev_ang
0,0,0.0432392432
0.2407176604,0.0859377916,0.4024672496
0.4603561153,0.503180885,0.7580690596
0.7006902438,-0.3132738439,1.115952892
1,-0.5309917261,0.0545427185
