reaction_coordinate,energy_ev,error_ev_ang
0,0,0.0432392432
0.2366782306,0.0318793188,0.0847735272
0.4698339235,0.1119183419,0.1279162462
0.7071189213,-0.320144833,0.0718288301
1,-0.5309917257,0.0545427185
