reaction_coordinate,energy_ev,error_ev_ang
0,0,0.0432392432
0.2836016367,0.1839202096,0.7357654303
0.5217546291,1.515851599,0.634235798
0.7377990697,0.9309309811,0.3694176634
1,-0.5309917261,0.0545427185
