reaction_coordinate,energy_ev,error_ev_ang
0,0,0.0432392432
0.2335232463,0.0876696383,0.8983344012
0.4513005207,0.5537322306,2.471124954
0.6952026511,-0.222260373,1.976458276
1,-0.5309917261,0.0545427185
