reaction_coordinate,energy_ev,error_ev_ang
0,0,0.0432392432
0.2412556581,0.0451565088,0.0767929755
0.4748682318,0.2085714672,0.0545283959
0.7093020554,-0.3472266892,0.0237657066
1,-0.5309917257,0.0545427185
