reaction_coordinate,energy_ev,error_ev_ang
0,0,0.0432392432
0.2369693929,0.0735948316,0.076299107
0.4554344458,0.4372244056,0.4343878842
0.6984230943,-0.3396051423,0.1389217654
1,-0.5309917261,0.0545427185
