reaction_coordinate,energy_ev,error_ev_ang
0,0,0.0432392432
0.2734311699,1.881600506,2.723922662
0.5029719591,3.093840714,2.04685658
0.7286975481,2.621921905,1.801886947
1,-0.5309917261,0.0545427185
