reaction_coordinate,energy_ev,error_ev_ang
0,0,0.0432392432
0.2350783856,0.0622226415,0.1962952803
0.4556453029,0.3714801812,1.348966825
0.6994928945,-0.3534945875,0.7515256711
1,-0.5309917257,0.0545427185
