reaction_coordinate,energy_ev,error_ev_ang
0,0,0.0432392432
0.260542288,0.140220474,1.18025851
0.4813712887,1.300097953,0.9050098702
0.7124401058,-0.2747128969,0.7731513202
1,-0.5309917261,0.0545427185
