reaction_coordinate,energy_ev,error_ev_ang
0,0,0.0432392432
0.2451238963,0.1024890604,0.3944898067
0.4649939539,0.6207634216,1.022714929
0.7039407516,-0.2645752908,0.8583030293
1,-0.5309917261,0.0545427185
