reaction_coordinate,energy_ev,error_ev_ang
0,0,0.0432392432
0.2872362394,0.2971765457,2.380463252
0.5258465704,1.767251829,2.158994811
0.7403828465,1.155645577,1.573796111
1,-0.5309917261,0.0545427185
