reaction_coordinate,energy_ev,error_ev_ang
0,0,0.0432392432
0.2833975538,0.2986128762,1.445120875
0.5204819388,1.877494488,0.7735462957
0.7377765976,1.383057946,0.9823427386
1,-0.5309917261,0.0545427185
