reaction_coordinate,energy_ev,error_ev_ang
0,0,0.0432392432
0.2374792783,0.0772503366,0.2835679401
0.4558612088,0.4615493566,0.8533634251
0.6984241516,-0.3325307548,0.0862340416
1,-0.5309917261,0.0545427185
