reaction_coordinate,energy_ev,error_ev_ang
0,0,0.0432392432
0.235469176,0.0603057744,0.1612497019
0.4581424794,0.3444619321,0.6648836057
0.6994768888,-0.3567454625,0.1749609464
1,-0.5309917257,0.0545427185
