reaction_coordinate,energy_ev,error_ev_ang
0,0,0.0432392432
0.2858301821,0.2737955368,2.648774878
0.5242176486,1.729291481,3.427254342
0.7395448388,1.105162937,0.9664145191
1,-0.5309917261,0.0545427185
