reaction_coordinate,energy_ev,error_ev_ang
0,0,0.0432392432
0.2420420208,0.0779751892,1.179198769
0.4739956743,0.2612665662,0.5359127657
0.7076966393,-0.3321848435,0.899149763
1,-0.5309917257,0.0545427185
