reaction_coordinate,energy_ev,error_ev_ang
0,0,0.0432392432
0.2512996752,0.1274594986,1.307320424
0.4725077256,0.7045987705,2.029673272
0.708701901,-0.239949021,1.20960574
1,-0.5309917261,0.0545427185
