reaction_coordinate,energy_ev,error_ev_ang
0,0,0.0432392432
0.2399686186,0.0402788706,0.1488763846
0.4740481272,0.1680592243,0.2289468441
0.7089654414,-0.3352878532,0.0545911992
1,-0.5309917257,0.0545427185
