reaction_coordinate,energy_ev,error_ev_ang
0,0,0.0432392432
0.2415410051,0.0483902548,0.3176515826
0.4747900118,0.2224031904,0.2783877157
0.7091889456,-0.3507696078,0.0748764448
1,-0.5309917257,0.0545427185
