reaction_coordinate,energy_ev,error_ev_ang
0,0,0.0432392432
0.2857787222,0.8224887364,5.348311407
0.5111456687,2.606054295,1.024739459
0.7239248545,2.033121816,1.124661437
1,-0.5309917261,0.0545427185
