reaction_coordinate,energy_ev,error_ev_ang
0,0,0.0432392432
0.2415088677,0.0495279388,0.4244744504
0.474810902,0.2210655825,0.3322691536
0.7092248347,-0.350166115,0.0897515956
1,-0.5309917257,0.0545427185
