reaction_coordinate,energy_ev,error_ev_ang
0,0,0.0432392432
0.2844342628,0.1913997703,1.189856399
0.5218867007,1.534685306,1.223773506
0.7386946703,0.9539786078,0.5077195298
1,-0.5309917261,0.0545427185
