reaction_coordinate,energy_ev,error_ev_ang
0,0,0.0432392432
0.2417232429,0.0518394648,0.1146005392
0.4735944176,0.2523305118,0.0763174648
0.7081801976,-0.3582661433,0.035815524
1,-0.5309917257,0.0545427185
