reaction_coordinate,energy_ev,error_ev_ang
0,0,0.0432392432
0.2354253876,0.0603606499,0.0768804344
0.4570837304,0.3440527108,0.0521886737
0.6990930399,-0.3565136094,0.1636321861
1,-0.5309917257,0.0545427185
