reaction_coordinate,energy_ev,error_ev_ang
0,0,0.0432392432
0.2389976258,0.0460844489,0.6564043761
0.4729908334,0.1516606965,0.4153858704
0.7084258726,-0.3295492804,0.0675500742
1,-0.5309917257,0.0545427185
