reaction_coordinate,energy_ev,error_ev_ang
0,0,0.0432392432
0.2351518603,0.061074555,0.2020955886
0.4564069656,0.3468853451,0.3924470572
0.6984969345,-0.3554097266,0.0254142102
1,-0.5309917257,0.0545427185
