reaction_coordinate,energy_ev,error_ev_ang
0,0,0.0432392432
0.242087225,0.0490934915,0.5800366756
0.4752547115,0.200428241,0.1255153724
0.7094345902,-0.3448341861,0.1036552369
1,-0.5309917257,0.0545427185
