reaction_coordinate,energy_ev,error_ev_ang
0,0,0.0432392432
0.2397135232,0.0822824588,0.2690207658
0.4585750816,0.485187445,0.5330594726
0.7002674523,-0.3303532545,0.424475233
1,-0.5309917261,0.0545427185
