reaction_coordinate,energy_ev,error_ev_ang
0,0,0.0432392432
0.255410393,0.1219306549,0.6779902695
0.4778566164,0.777037258,0.9494499744
0.7116373611,-0.2850360168,0.3824764507
1,-0.5309917261,0.0545427185
