reaction_coordinate,energy_ev,error_ev_ang
0,0,0.0432392432
0.2840974417,0.2009278439,1.347099578
0.522113699,1.5524429,1.716732856
0.7382142592,0.9695109043,0.5025115834
1,-0.5309917261,0.0545427185
