reaction_coordinate,energy_ev,error_ev_ang
0,0,0.0432392432
0.2412794262,0.0454257857,0.1543772549
0.4748846997,0.2091657563,0.1217887334
0.7093097828,-0.3473300318,0.0343933075
1,-0.5309917257,0.0545427185
