reaction_coordinate,energy_ev,error_ev_ang
0,0,0.0432392432
0.2379573984,0.0776611419,0.0999243017
0.4566076289,0.4640771811,0.2543569544
0.6987484151,-0.3294794908,0.190887664
1,-0.5309917261,0.0545427185
