reaction_coordinate,energy_ev,error_ev_ang
0,0,0.0432392432
0.2412927424,0.051864438,0.6956910557
0.4749270904,0.211542247,0.2180519215
0.7093225066,-0.3475362639,0.142859113
1,-0.5309917257,0.0545427185
