reaction_coordinate,energy_ev,error_ev_ang
0,0,0.0432392432
0.2355797941,0.0709601397,0.3349161987
0.4538539862,0.4084936484,0.5019493586
0.6976075144,-0.3427612393,0.1517589399
1,-0.5309917257,0.0545427185
