reaction_coordinate,energy_ev,error_ev_ang
0,0,0.0432392432
0.2427237581,0.0732066889,1.324619412
0.4751414264,0.2704336328,2.097590963
0.7092892638,-0.3444892787,0.1241754646
1,-0.5309917257,0.0545427185
