reaction_coordinate,energy_ev,error_ev_ang
0,0,0.0432392432
0.2416417126,0.0487290121,0.1654529611
0.4745214409,0.2317934587,0.1135736623
0.7090093026,-0.3535481207,0.0909714298
1,-0.5309917257,0.0545427185
