reaction_coordinate,energy_ev,error_ev_ang
0,0,0.0432392432
0.2350621897,0.0606744764,0.120565925
0.4566484949,0.3474969852,0.3602213769
0.6989275054,-0.3548885888,0.3945244476
1,-0.5309917257,0.0545427185
