reaction_coordinate,energy_ev,error_ev_ang
0,0,0.0432392432
0.2533260977,0.1338392755,1.335608073
0.4750121479,0.7039530871,1.230086961
0.7103202019,-0.2636439552,0.7881914797
1,-0.5309917261,0.0545427185
