reaction_coordinate,energy_ev,error_ev_ang
0,0,0.0432392432
0.2401167358,0.0827708795,0.2076780639
0.4590866449,0.4900430113,0.3882015008
0.7005357996,-0.3297659936,0.4139071309
1,-0.5309917261,0.0545427185
