reaction_coordinate,energy_ev,error_ev_ang
0,0,0.0432392432
0.2347079636,0.0619983942,0.2679147828
0.4563520864,0.3526609577,0.826030814
0.6985436261,-0.3545541385,0.2644668287
1,-0.5309917257,0.0545427185
