reaction_coordinate,energy_ev,error_ev_ang
0,0,0.0432392432
0.2662121735,0.1437172236,0.9969664526
0.4886466265,1.433120246,0.855592652
0.7170778998,-0.185249865,0.6150524798
1,-0.5309917261,0.0545427185
