reaction_coordinate,energy_ev,error_ev_ang
0,0,0.0432392432
0.2850860651,0.3254265329,2.537297668
0.5237911556,1.815653991,2.376440281
0.7380795388,1.243558121,0.8310745045
1,-0.5309917261,0.0545427185
