reaction_coordinate,energy_ev,error_ev_ang
0,0,0.0432392432
0.2352539242,0.0626269009,0.2518423688
0.4561395724,0.3522133839,0.6269431709
0.6990301116,-0.3541505523,0.5122985714
1,-0.5309917257,0.0545427185
