reaction_coordinate,energy_ev,error_ev_ang
0,0,0.0432392432
0.2352799554,0.0620621719,0.1611071827
0.4558937675,0.3505308292,0.2927243877
0.6992526915,-0.3567823382,0.4086225012
1,-0.5309917257,0.0545427185
