reaction_coordinate,energy_ev,error_ev_ang
0,0,0.0432392432
0.2350665008,0.0647227398,0.6255226988
0.45724853,0.3439839111,0.309850633
0.6990517288,-0.3560721326,0.2536935635
1,-0.5309917257,0.0545427185
