reaction_coordinate,energy_ev,error_ev_ang
0,0,0.0432392432
0.2409210432,0.043463609,0.2064135377
0.4750744813,0.1902808893,0.0731016705
0.7095023205,-0.342701535,0.0287497957
1,-0.5309917257,0.0545427185
