reaction_coordinate,energy_ev,error_ev_ang
0,0,0.0432392432
0.2350149297,0.0606485509,0.1450002432
0.4565447611,0.3473180088,0.2346257777
0.6988991173,-0.3547504119,0.3863136315
1,-0.5309917257,0.0545427185
