reaction_coordinate,energy_ev,error_ev_ang
0,0,0.0432392432
0.235787627,0.0597274215,0.0667309146
0.4584093692,0.3381314709,0.1779549912
0.6996844344,-0.35774779,0.0391275895
1,-0.5309917257,0.0545427185
