reaction_coordinate,energy_ev,error_ev_ang
0,0,0.0432392432
0.232543966,0.0460913101,0.7450591324
0.4620005777,0.096699275,0.4857548048
0.7037774887,-0.2750233441,1.102206649
1,-0.5309917257,0.0545427185
