reaction_coordinate,energy_ev,error_ev_ang
0,0,0.0432392432
0.237529421,0.0363903916,0.4353655848
0.471432091,0.1316104516,0.7829085421
0.7077858304,-0.3212776005,0.0415516142
1,-0.5309917257,0.0545427185
