reaction_coordinate,energy_ev,error_ev_ang
0,0,0.0432392432
0.2344604576,0.0625654769,0.2585771253
0.4548058188,0.35401515,0.4116121371
0.6973970737,-0.3518421868,0.0895489188
1,-0.5309917257,0.0545427185
