reaction_coordinate,energy_ev,error_ev_ang
0,0,0.0432392432
0.2601557591,0.1196632837,0.1792150237
0.4808596992,1.262946228,0.469152738
0.7122832144,-0.2853381221,0.1146786121
1,-0.5309917261,0.0545427185
