reaction_coordinate,energy_ev,error_ev_ang
0,0,0.0432392432
0.2401606014,0.0408766665,0.1627107492
0.4745519173,0.1759104761,0.2992771107
0.7093450573,-0.3384884528,0.0330188515
1,-0.5309917257,0.0545427185
