reaction_coordinate,energy_ev,error_ev_ang
0,0,0.0432392432
0.2342459465,0.1787854668,2.147956864
0.452832337,1.116147733,5.495896316
0.6977762993,-0.1428663368,5.01952515
1,-0.5309917257,0.0545427185
