reaction_coordinate,energy_ev,error_ev_ang
0,0,0.0432392432
0.2616860872,0.1358805424,0.9045967139
0.4828571207,1.40423507,1.31258013
0.7133315404,-0.2342973768,1.157943517
1,-0.5309917261,0.0545427185
