reaction_coordinate,energy_ev,error_ev_ang
0,0,0.0432392432
0.2854572029,0.1977878817,0.9156283968
0.5238860515,1.613168403,0.4334899813
0.7392407985,1.09041312,0.574255668
1,-0.5309917261,0.0545427185
