reaction_coordinate,energy_ev,error_ev_ang
0,0,0.0432392432
0.2367596347,0.0933962031,0.8880142447
0.4556783071,0.4969103858,1.994332307
0.698688521,-0.2411977327,2.385660137
1,-0.5309917261,0.0545427185
