reaction_coordinate,energy_ev,error_ev_ang
0,0,0.0432392432
0.2786065174,0.2104868072,1.871440281
0.5132927627,1.512343604,1.613644734
0.7313516842,0.5997582835,0.5631984034
1,-0.5309917261,0.0545427185
