reaction_coordinate,energy_ev,error_ev_ang
0,0,0.0432392432
0.2407128032,0.1006340602,0.9526637345
0.4612625808,0.5172119399,1.202097576
0.7011074095,-0.2755513787,2.060855221
1,-0.5309917261,0.0545427185
