reaction_coordinate,energy_ev,error_ev_ang
0,0,0.0432392432
0.239461977,0.0856233825,0.2317024728
0.4578259652,0.5314544832,0.8415956585
0.6987257999,-0.3006720807,0.2308479558
1,-0.5309917261,0.0545427185
