reaction_coordinate,energy_ev,error_ev_ang
0,0,0.0432392432
0.2354591943,0.069268644,0.2032093538
0.453760288,0.4058549378,0.4886441974
0.6974839282,-0.3430692036,0.1291750082
1,-0.5309917257,0.0545427185
