reaction_coordinate,energy_ev,error_ev_ang
0,0,0.0432392432
0.2396745018,0.0418647464,0.3940224174
0.4737151481,0.1615532922,0.1973632356
0.7087586036,-0.3334496468,0.0656692684
1,-0.5309917257,0.0545427185
