reaction_coordinate,energy_ev,error_ev_ang
0,0,0.0432392432
0.2809535998,0.1678011608,0.7047481077
0.5162337151,1.473789067,0.3963462998
0.7360682038,0.7551998258,0.4253804516
1,-0.5309917261,0.0545427185
