reaction_coordinate,energy_ev,error_ev_ang
0,0,0.0432392432
0.2391674284,0.151744308,2.590780392
0.4647502288,0.3701412504,1.403791865
0.7037265802,-0.2967638739,1.596541081
1,-0.5309917257,0.0545427185
