reaction_coordinate,energy_ev,error_ev_ang
0,0,0.0432392432
0.2334856948,0.0649219936,0.1940195442
0.4515531794,0.3848350149,0.3415664327
0.6959965812,-0.3409817509,0.0752917474
1,-0.5309917257,0.0545427185
