reaction_coordinate,energy_ev,error_ev_ang
0,0,0.0432392432
0.2610121227,0.1292874842,0.8027779588
0.4819770717,1.331360358,0.8356828079
0.7126161923,-0.2675475811,0.6135283241
1,-0.5309917261,0.0545427185
