reaction_coordinate,energy_ev,error_ev_ang
0,0,0.0432392432
0.2406686894,0.0568365243,0.523811302
0.472104189,0.2644153832,0.0803849722
0.7085053319,-0.3324610798,1.696527377
1,-0.5309917257,0.0545427185
