reaction_coordinate,energy_ev,error_ev_ang
0,0,0.0432392432
0.2329099971,0.251213649,3.869479165
0.4601448163,0.164083225,2.114710443
0.7060662372,0.3054392193,6.438355226
1,-0.5309917257,0.0545427185
