reaction_coordinate,energy_ev,error_ev_ang
0,0,0.0432392432
0.2417194781,0.0532255692,0.4192661471
0.4739208265,0.2465910399,0.1432948985
0.7085699071,-0.357036802,0.1344541382
1,-0.5309917257,0.0545427185
