reaction_coordinate,energy_ev,error_ev_ang
0,0,0.0432392432
0.249999349,3.076862448,2.516807564
0.4999986716,3.983396828,2.315886959
0.7499989699,3.360099524,1.771877686
1,-0.5309917261,0.0545427185
