reaction_coordinate,energy_ev,error_ev_ang
0,0,0.0432392432
0.2416702729,0.0488430338,0.1772188911
0.4745065569,0.2326247499,0.1203751164
0.708994157,-0.3539269712,0.0270720391
1,-0.5309917257,0.0545427185
