reaction_coordinate,energy_ev,error_ev_ang
0,0,0.0432392432
0.2319944602,0.1921793136,3.009223828
0.4533193285,0.3614826973,0.3896367961
0.6958722709,-0.3302239153,0.6729331284
1,-0.5309917257,0.0545427185
