reaction_coordinate,energy_ev,error_ev_ang
0,0,0.0432392432
0.2417518778,0.0518501909,0.3523755094
0.4740796288,0.2440511912,0.1525164941
0.7086656464,-0.3562796755,0.1024044972
1,-0.5309917257,0.0545427185
