reaction_coordinate,energy_ev,error_ev_ang
0,0,0.0432392432
0.2668138267,0.1461678348,0.8719135065
0.4894608312,1.46008094,1.850137132
0.7175504042,-0.1778620847,0.6325683905
1,-0.5309917261,0.0545427185
