reaction_coordinate,energy_ev,error_ev_ang
0,0,0.0432392432
0.2357805304,0.0788781901,0.6139283967
0.4542532851,0.4490547418,0.9616640355
0.6973554175,-0.2910330521,1.512923608
1,-0.5309917261,0.0545427185
