reaction_coordinate,energy_ev,error_ev_ang
0,0,0.0432392432
0.2416112111,0.048357014,0.1746524822
0.4745869973,0.229792539,0.0689684633
0.7090494694,-0.3530752624,0.0672673162
1,-0.5309917257,0.0545427185
