reaction_coordinate,energy_ev,error_ev_ang
0,0,0.0432392432
0.2409679708,0.0431713893,0.1208924462
0.4750972179,0.1912684106,0.1616570339
0.7095052753,-0.3429084436,0.0241678626
1,-0.5309917257,0.0545427185
