reaction_coordinate,energy_ev,error_ev_ang
0,0,0.0432392432
0.2416578365,0.0521004967,0.196271012
0.4736134478,0.2518609865,0.1332904976
0.708319374,-0.3584416597,0.0843546763
1,-0.5309917257,0.0545427185
