reaction_coordinate,energy_ev,error_ev_ang
0,0,0.0432392432
0.2362197638,0.0738548229,0.200303168
0.4559562238,0.4440239535,0.4814746822
0.6979047903,-0.3145118533,1.125400222
1,-0.5309917261,0.0545427185
