reaction_coordinate,energy_ev,error_ev_ang
0,0,0.0432392432
0.2413265459,0.0539506326,0.2061931286
0.4726248507,0.2620861093,0.1678507961
0.7083043842,-0.3621979423,0.2203750969
1,-0.5309917257,0.0545427185
