reaction_coordinate,energy_ev,error_ev_ang
0,0,0.0432392432
0.2839864598,0.25882133,0.6110253264
0.5218273946,1.832100171,0.6407911191
0.7370844172,1.326000011,0.5771439916
1,-0.5309917261,0.0545427185
