reaction_coordinate,energy_ev,error_ev_ang
0,0,0.0432392432
0.2410138312,0.0538368474,0.1524994597
0.4723731352,0.2631622792,0.135607414
0.7086104366,-0.3636545516,0.329972645
1,-0.5309917257,0.0545427185
