reaction_coordinate,energy_ev,error_ev_ang
0,0,0.0432392432
0.241694062,0.0523002174,0.5472013463
0.4745194743,0.2348059719,0.280538544
0.7089882565,-0.3527918537,0.2838170311
1,-0.5309917257,0.0545427185
