reaction_coordinate,energy_ev,error_ev_ang
0,0,0.0432392432
0.2333990687,0.0911955089,1.731767892
0.454671543,0.3874281762,1.806997084
0.6969391812,-0.3478521497,0.3277613515
1,-0.5309917257,0.0545427185
