reaction_coordinate,energy_ev,error_ev_ang
0,0,0.0432392432
0.2336294783,0.064908975,0.0519619099
0.4516427865,0.3910004084,0.7610293243
0.6960895976,-0.3407987814,0.0904456004
1,-0.5309917257,0.0545427185
