reaction_coordinate,energy_ev,error_ev_ang
0,0,0.0432392432
0.2365521455,0.1137035766,1.388915107
0.4549618401,0.5299605103,2.335917739
0.6979223576,-0.2369272717,1.783433725
1,-0.5309917261,0.0545427185
