reaction_coordinate,energy_ev,error_ev_ang
0,0,0.0432392432
0.2598272299,0.1214780664,0.4145803575
0.4805648058,1.24035005,0.5434426488
0.7121207188,-0.2842358256,0.1811519421
1,-0.5309917261,0.0545427185
