reaction_coordinate,energy_ev,error_ev_ang
0,0,0.0432392432
0.2333533854,0.0672072807,0.489015506
0.4513604476,0.3817809643,0.3901604507
0.6958665877,-0.3403865365,0.1464765644
1,-0.5309917257,0.0545427185
