reaction_coordinate,energy_ev,error_ev_ang
0,0,0.0432392432
0.2373086341,0.0328171017,0.0660973858
0.4711959992,0.1191501509,0.1548248052
0.7077426789,-0.3212425796,0.0217576207
1,-0.5309917257,0.0545427185
