reaction_coordinate,energy_ev,error_ev_ang
0,0,0.0432392432
0.2402050266,0.040467323,0.0628782362
0.4744594143,0.1735698486,0.0860088757
0.7092767354,-0.3378499556,0.0419466414
1,-0.5309917257,0.0545427185
