reaction_coordinate,energy_ev,error_ev_ang
0,0,0.0432392432
0.2331090528,0.0558197821,1.547023957
0.4613095093,0.093849703,0.3835142817
0.7044761982,-0.25170687,1.308945832
1,-0.5309917257,0.0545427185
