reaction_coordinate,energy_ev,error_ev_ang
0,0,0.0432392432
0.2413458549,0.0494740375,0.5238614817
0.475040466,0.2135184933,0.2245487831
0.7094352408,-0.3469112962,0.2135107504
1,-0.5309917257,0.0545427185
