reaction_coordinate,energy_ev,error_ev_ang
0,0,0.0432392432
0.278406277,0.5589164377,3.273858246
0.5160267273,2.472823519,3.096493776
0.7354183056,1.760822588,2.856310113
1,-0.5309917261,0.0545427185
