reaction_coordinate,energy_ev,error_ev_ang
0,0,0.0432392432
0.2365290838,0.0324657866,0.1786873941
0.4697736471,0.1120726905,0.1800882304
0.7070705622,-0.3192412061,0.2166384715
1,-0.5309917257,0.0545427185
