reaction_coordinate,energy_ev,error_ev_ang
0,0,0.0432392432
0.2858030457,0.3245219652,2.313129692
0.5241748628,1.834403815,4.681368605
0.7395900216,1.156110716,0.9835977904
1,-0.5309917261,0.0545427185
