reaction_coordinate,energy_ev,error_ev_ang
0,0,0.0432392432
0.2579477209,0.1818700451,2.267586585
0.4785545602,1.085913855,2.798005424
0.7117359102,-0.2305663576,1.830073085
1,-0.5309917261,0.0545427185
