reaction_coordinate,energy_ev,error_ev_ang
0,0,0.0432392432
0.2614083407,0.133501869,0.8007406452
0.4823750144,1.360778323,0.4037518918
0.7128442582,-0.2564327977,0.3543649761
1,-0.5309917261,0.0545427185
