reaction_coordinate,energy_ev,error_ev_ang
0,0,0.0432392432
0.2369126303,0.0738156205,0.0590492947
0.4557703261,0.4405325481,0.5109440757
0.6984476952,-0.3382206599,0.2328037408
1,-0.5309917261,0.0545427185
