reaction_coordinate,energy_ev,error_ev_ang
0,0,0.0432392432
0.2578950646,0.2918809536,3.218658806
0.4787815602,1.350892256,4.007905739
0.711849242,-0.1498065616,2.665043998
1,-0.5309917261,0.0545427185
