reaction_coordinate,energy_ev,error_ev_ang
0,0,0.0432392432
0.2850082889,0.201601716,1.161718382
0.5238844257,1.611100211,0.7692879419
0.738967584,1.082330401,0.5163232195
1,-0.5309917261,0.0545427185
