reaction_coordinate,energy_ev,error_ev_ang
0,0,0.0432392432
0.240437333,0.082754065,0.0979105939
0.4595077991,0.492134672,0.3415456109
0.700635155,-0.3309355943,0.2448225088
1,-0.5309917261,0.0545427185
