reaction_coordinate,energy_ev,error_ev_ang
0,0,0.0432392432
0.2335676494,0.0847209856,0.7290162177
0.4516716384,0.5029648074,1.652190358
0.695368295,-0.2544787283,1.554351887
1,-0.5309917257,0.0545427185
