reaction_coordinate,energy_ev,error_ev_ang
0,0,0.0432392432
0.2364266267,0.0892399709,1.022458471
0.4605977672,0.4943459539,4.51512008
0.701072327,-0.3205569007,1.239903925
1,-0.5309917257,0.0545427185
