reaction_coordinate,energy_ev,error_ev_ang
0,0,0.0432392432
0.2401696668,0.061574796,0.8894452829
0.4729477357,0.2610880478,0.172688869
0.7093904468,-0.3298574472,1.929222356
1,-0.5309917257,0.0545427185
