reaction_coordinate,energy_ev,error_ev_ang
0,0,0.0432392432
0.2798179101,0.1587412933,0.3454770272
0.5152762757,1.465069048,0.4017882068
0.7337714015,0.714657004,0.3811654987
1,-0.5309917261,0.0545427185
