reaction_coordinate,energy_ev,error_ev_ang
0,0,0.0432392432
0.2813807301,0.4499181993,2.895841822
0.5179109109,2.004245809,1.332475527
0.7365242206,1.462780271,0.9888663277
1,-0.5309917261,0.0545427185
