reaction_coordinate,energy_ev,error_ev_ang
0,0,0.0432392432
0.2323285329,0.4559152927,7.295717238
0.4648337433,0.1115327405,0.9684392434
0.7044687892,-0.147207484,2.449241924
1,-0.5309917257,0.0545427185
