reaction_coordinate,energy_ev,error_ev_ang
0,0,0.0432392432
0.2401505104,0.0434741709,0.314034184
0.4743623205,0.1753527683,0.4625795739
0.709165123,-0.3365726987,0.1857571853
1,-0.5309917257,0.0545427185
