reaction_coordinate,energy_ev,error_ev_ang
0,0,0.0432392432
0.2348842297,0.2654752926,2.552629407
0.457242388,0.7542419249,6.573720374
0.6998084833,-0.3208612741,1.288907704
1,-0.5309917257,0.0545427185
