reaction_coordinate,energy_ev,error_ev_ang
0,0,0.0432392432
0.2430804606,0.0560744787,0.8617985342
0.4751909647,0.2075582859,0.8114788106
0.7093084151,-0.3446557553,0.0729033509
1,-0.5309917257,0.0545427185
