reaction_coordinate,energy_ev,error_ev_ang
0,0,0.0432392432
0.2344680015,0.0614835845,0.2414267316
0.4552540079,0.3503511783,0.1097202496
0.6978713505,-0.3538702622,0.0438884685
1,-0.5309917257,0.0545427185
