reaction_coordinate,energy_ev,error_ev_ang
0,0,0.0432392432
0.2749769305,0.1619469399,0.8075433463
0.5039190425,1.461240062,1.449914554
0.7268342404,0.1348105745,1.016896966
1,-0.5309917261,0.0545427185
