reaction_coordinate,energy_ev,error_ev_ang
0,0,0.0432392432
0.235142342,0.0604230991,0.1030028682
0.4569313128,0.346263941,0.3324625151
0.6989461441,-0.3561873454,0.086309616
1,-0.5309917257,0.0545427185
