reaction_coordinate,energy_ev,error_ev_ang
0,0,0.0432392432
0.2316646006,0.0718850839,0.6706172834
0.4490931276,0.4814269638,1.713670973
0.6941629681,-0.2297033196,1.269201175
1,-0.5309917257,0.0545427185
