reaction_coordinate,energy_ev,error_ev_ang
0,0,0.0432392432
0.2678147319,0.1828602888,1.664917868
0.4912451762,1.569651183,3.05503451
0.7188142869,-0.0864240566,1.831346059
1,-0.5309917261,0.0545427185
