reaction_coordinate,energy_ev,error_ev_ang
0,0,0.0432392432
0.2567753807,0.131610047,1.185414025
0.4782800425,0.840642611,1.781347179
0.7116365481,-0.1942858107,1.897358925
1,-0.5309917261,0.0545427185
