reaction_coordinate,energy_ev,error_ev_ang
0,0,0.0432392432
0.2626908147,0.150400297,1.317601126
0.484185688,1.406535841,1.173933459
0.7140699441,-0.209413365,1.098641074
1,-0.5309917261,0.0545427185
