reaction_coordinate,energy_ev,error_ev_ang
0,0,0.0432392432
0.2376639464,0.0665987997,1.456035612
0.4716210672,0.183462661,1.95974165
0.7078122695,-0.3206580005,0.2300832218
1,-0.5309917257,0.0545427185
