reaction_coordinate,energy_ev,error_ev_ang
0,0,0.0432392432
0.2410554042,0.0762594131,1.406730559
0.4747981286,0.2682461263,2.400977889
0.70938593,-0.3442728234,0.2740565222
1,-0.5309917257,0.0545427185
