reaction_coordinate,energy_ev,error_ev_ang
0,0,0.0432392432
0.236463081,0.1500108097,1.737663249
0.4545900722,0.6877031797,3.04660643
0.6971362392,-0.099911064,2.446800374
1,-0.5309917257,0.0545427185
