reaction_coordinate,energy_ev,error_ev_ang
0,0,0.0432392432
0.2363750438,0.0315901111,0.1229533012
0.4696251162,0.1106861283,0.1127427572
0.706982045,-0.3198130751,0.0316948832
1,-0.5309917257,0.0545427185
