reaction_coordinate,energy_ev,error_ev_ang
0,0,0.0432392432
0.2429728486,0.216950731,4.147842605
0.4751897761,0.2927676735,3.247837457
0.7093204144,-0.3424610164,0.3330686114
1,-0.5309917257,0.0545427185
