reaction_coordinate,energy_ev,error_ev_ang
0,0,0.0432392432
0.2327350834,0.1301091362,1.845245141
0.4587822282,0.1051405611,0.7892151613
0.7061010891,-0.1816564003,1.955907682
1,-0.5309917257,0.0545427185
