reaction_coordinate,energy_ev,error_ev_ang
0,0,0.0432392432
0.2687663213,0.2130587672,1.836235228
0.492844271,1.874385226,4.519774363
0.719791714,-0.0221289261,1.961931193
1,-0.5309917261,0.0545427185
