reaction_coordinate,energy_ev,error_ev_ang
0,0,0.0432392432
0.2675898704,0.1441413077,0.8084702649
0.4906570768,1.433728263,0.7610763552
0.718252488,-0.1589602416,0.7293606529
1,-0.5309917261,0.0545427185
