reaction_coordinate,energy_ev,error_ev_ang
0,0,0.0432392432
0.2572040071,0.13008422,0.672012299
0.4781661749,0.9038693193,1.284116176
0.711654759,-0.1229934431,3.553804373
1,-0.5309917261,0.0545427185
