reaction_coordinate,energy_ev,error_ev_ang
0,0,0.0432392432
0.2332917056,0.0723608,0.8222469126
0.4511690545,0.3779962543,0.1977261195
0.6958253119,-0.3408457565,0.1931795717
1,-0.5309917257,0.0545427185
