reaction_coordinate,energy_ev,error_ev_ang
0,0,0.0432392432
0.2364750937,0.0317766047,0.1088957943
0.4697190029,0.1111793936,0.1008968558
0.7070457816,-0.3197602778,0.1085435866
1,-0.5309917257,0.0545427185
