reaction_coordinate,energy_ev,error_ev_ang
0,0,0.0432392432
0.2412953285,0.0456385613,0.1473034528
0.4748930952,0.2095263453,0.0651475456
0.7093127911,-0.347459411,0.0296719111
1,-0.5309917257,0.0545427185
