reaction_coordinate,energy_ev,error_ev_ang
0,0,0.0432392432
0.2394136395,0.1194403162,1.726141895
0.4582623942,0.7102718201,5.022263706
0.6990565268,-0.1906521388,2.481573456
1,-0.5309917261,0.0545427185
