reaction_coordinate,energy_ev,error_ev_ang
0,0,0.0432392432
0.2353173593,0.0599861491,0.1777926302
0.4582875432,0.3393291873,0.4893629285
0.6997286668,-0.3574691176,0.1614648501
1,-0.5309917257,0.0545427185
