reaction_coordinate,energy_ev,error_ev_ang
0,0,0.0432392432
0.2334027735,0.0762903816,0.7082522879
0.4510535335,0.4292591717,0.993688665
0.6960168884,-0.2655460683,1.631532105
1,-0.5309917261,0.0545427185
