reaction_coordinate,energy_ev,error_ev_ang
0,0,0.0432392432
0.2737224818,0.151088463,0.500872991
0.5013651355,1.45334931,0.7475195315
0.7251218359,0.0658374586,0.8359721464
1,-0.5309917261,0.0545427185
