reaction_coordinate,energy_ev,error_ev_ang
0,0,0.0432392432
0.2616875546,0.1418615332,0.9619833548
0.4829791521,1.416605582,1.250815549
0.713469044,-0.2338044684,1.054314845
1,-0.5309917261,0.0545427185
