reaction_coordinate,energy_ev,error_ev_ang
0,0,0.0432392432
0.2379114498,0.0783414882,0.2651448822
0.4564586748,0.4662454776,0.4275166504
0.6987158847,-0.3285519182,0.3613943842
1,-0.5309917261,0.0545427185
