reaction_coordinate,energy_ev,error_ev_ang
0,0,0.0432392432
0.2378930816,0.0773675167,0.1228187137
0.4563926279,0.4612565533,0.3322194617
0.6986406409,-0.3317056622,0.1382307071
1,-0.5309917261,0.0545427185
