reaction_coordinate,energy_ev,error_ev_ang
0,0,0.0432392432
0.2688535555,0.1435746483,0.6753811764
0.4930824655,1.476022386,1.822131089
0.719466421,-0.131700235,0.9177693353
1,-0.5309917261,0.0545427185
