reaction_coordinate,energy_ev,error_ev_ang
0,0,0.0432392432
0.2816099243,0.4791168651,4.117873467
0.5193155463,1.548474721,1.691858032
0.7372679076,0.7727121423,0.6880392336
1,-0.5309917261,0.0545427185
