reaction_coordinate,energy_ev,error_ev_ang
0,0,0.0432392432
0.279644998,0.1658640518,0.798908706
0.5150042714,1.466781874,0.7050283811
0.7332224183,0.6957844333,0.4477751381
1,-0.5309917261,0.0545427185
