reaction_coordinate,energy_ev,error_ev_ang
0,0,0.0432392432
0.2328721758,1.241289942,6.50958222
0.462483214,0.1073306288,1.076642896
0.7053100382,-0.2031141973,2.926829944
1,-0.5309917257,0.0545427185
