reaction_coordinate,energy_ev,error_ev_ang
0,0,0.0432392432
0.2367380057,0.0579029356,0.1475924006
0.4624169502,0.3178394055,0.1632581911
0.7018840367,-0.3599027023,0.301324791
1,-0.5309917257,0.0545427185
