reaction_coordinate,energy_ev,error_ev_ang
0,0,0.0432392432
0.2409799849,0.047346902,0.5558898734
0.4751832194,0.1934587881,0.1144367585
0.7095751111,-0.3435562561,0.0996168848
1,-0.5309917257,0.0545427185
