reaction_coordinate,energy_ev,error_ev_ang
0,0,0.0432392432
0.2635352369,0.2267916189,2.413892504
0.4854803421,1.47017282,1.558830846
0.7150314603,-0.1797435856,1.445164317
1,-0.5309917261,0.0545427185
