reaction_coordinate,energy_ev,error_ev_ang
0,0,0.0432392432
0.2375386461,0.0350541361,0.3554781013
0.4713288377,0.1219216207,0.5027177088
0.7077681608,-0.3204468606,0.0346535149
1,-0.5309917257,0.0545427185
