reaction_coordinate,energy_ev,error_ev_ang
0,0,0.0432392432
0.242400865,0.057276387,0.633028596
0.475252453,0.2048960904,0.3376085422
0.7093887212,-0.3437318938,0.2077242436
1,-0.5309917257,0.0545427185
