reaction_coordinate,energy_ev,error_ev_ang
0,0,0.0432392432
0.2391295407,0.0849988686,0.1206652099
0.4577445941,0.5499813818,1.191707474
0.6984491378,-0.2955001404,0.1982159681
1,-0.5309917261,0.0545427185
