reaction_coordinate,energy_ev,error_ev_ang
0,0,0.0432392432
0.2412067077,0.0583831161,0.5144334593
0.4725099205,0.264540247,0.4309678936
0.7084332108,-0.361805021,0.326937021
1,-0.5309917257,0.0545427185
