reaction_coordinate,energy_ev,error_ev_ang
0,0,0.0432392432
0.2350449162,0.060697754,0.2065258286
0.4565468082,0.3445894388,0.0535993763
0.6985927201,-0.3556365089,0.0690204271
1,-0.5309917257,0.0545427185
