reaction_coordinate,energy_ev,error_ev_ang
0,0,0.0432392432
0.2357885907,0.0598550895,0.1092026683
0.4583007125,0.3386271149,0.1032693222
0.699550864,-0.3566464708,0.2666821873
1,-0.5309917257,0.0545427185
