reaction_coordinate,energy_ev,error_ev_ang
0,0,0.0432392432
0.2416709058,0.0523631414,0.3019312369
0.4736308952,0.2513488453,0.1410181227
0.7083294568,-0.3584528213,0.07330396
1,-0.5309917257,0.0545427185
