reaction_coordinate,energy_ev,error_ev_ang
0,0,0.0432392432
0.24111344,0.0451972091,0.3392061017
0.4752414562,0.196858178,0.2473418317
0.7095755088,-0.3443491086,0.0895414599
1,-0.5309917257,0.0545427185
