reaction_coordinate,energy_ev,error_ev_ang
0,0,0.0432392432
0.2842419412,0.3330752399,4.069730282
0.5222030847,1.788691674,3.376212976
0.7387250992,0.9621279003,0.7902637825
1,-0.5309917261,0.0545427185
