reaction_coordinate,energy_ev,error_ev_ang
0,0,0.0432392432
0.2857472876,0.2224798763,1.258023191
0.5239998849,1.649652017,1.19932015
0.7398116125,1.102277309,0.5478602088
1,-0.5309917261,0.0545427185
