reaction_coordinate,energy_ev,error_ev_ang
0,0,0.0432392432
0.2371146319,0.0330182693,0.1477421254
0.470990154,0.1179607148,0.1055863667
0.7076812685,-0.3211614032,0.0365110196
1,-0.5309917257,0.0545427185
