reaction_coordinate,energy_ev,error_ev_ang
0,0,0.0432392432
0.2506367571,0.1051802975,0.1545195697
0.4716972172,0.6409834547,0.3643583111
0.7079037417,-0.2700174633,0.8539637485
1,-0.5309917261,0.0545427185
