reaction_coordinate,energy_ev,error_ev_ang
0,0,0.0432392432
0.2367180015,0.0803768645,0.9587654071
0.4546007181,0.4127629898,0.2321395156
0.6977395946,-0.3398659839,0.3199213419
1,-0.5309917257,0.0545427185
