reaction_coordinate,energy_ev,error_ev_ang
0,0,0.0432392432
0.2370417864,0.0737303402,0.0879258002
0.4555670909,0.4443868325,0.7312239596
0.6983760611,-0.3387133936,0.2097274526
1,-0.5309917261,0.0545427185
