reaction_coordinate,energy_ev,error_ev_ang
0,0,0.0432392432
0.2394908967,0.0853704261,0.2200527031
0.4578483035,0.5253463019,0.42907549
0.6989007547,-0.3041028789,0.2138066864
1,-0.5309917261,0.0545427185
