reaction_coordinate,energy_ev,error_ev_ang
0,0,0.0432392432
0.241600692,0.0726493025,1.04708565
0.4743441711,0.2395990992,0.501296772
0.7089317263,-0.3515641735,0.4148363811
1,-0.5309917257,0.0545427185
