reaction_coordinate,energy_ev,error_ev_ang
0,0,0.0432392432
0.236209708,0.0332115562,0.3744219782
0.4694422549,0.1099984339,0.1557212236
0.7068934524,-0.3194436381,0.073135285
1,-0.5309917257,0.0545427185
