reaction_coordinate,energy_ev,error_ev_ang
0,0,0.0432392432
0.2497306954,0.1564372459,2.402181076
0.4708162789,0.718925683,2.757985545
0.7084296833,-0.2324565718,1.462108462
1,-0.5309917261,0.0545427185
