reaction_coordinate,energy_ev,error_ev_ang
0,0,0.0432392432
0.2365992853,0.155985289,2.245844571
0.4699426109,0.161390478,1.785567705
0.7072021014,-0.3095387341,0.6188929345
1,-0.5309917257,0.0545427185
