reaction_coordinate,energy_ev,error_ev_ang
0,0,0.0432392432
0.2613054177,0.1283987712,0.6032187963
0.4822282366,1.339926319,0.4602228737
0.7128192092,-0.2645399705,0.3594374119
1,-0.5309917261,0.0545427185
