reaction_coordinate,energy_ev,error_ev_ang
0,0,0.0432392432
0.2614306776,0.1241394944,0.3085711751
0.4823074197,1.348768633,0.3193100184
0.712849683,-0.2622545756,0.2189320425
1,-0.5309917261,0.0545427185
