reaction_coordinate,energy_ev,error_ev_ang
0,0,0.0432392432
0.2323220517,0.0282784466,0.2165331634
0.4621449638,0.0912674737,0.3400613523
0.7035678209,-0.3088009716,0.5695484885
1,-0.5309917257,0.0545427185
