reaction_coordinate,energy_ev,error_ev_ang
0,0,0.0432392432
0.2394043889,0.0902730267,0.5651364251
0.4577726397,0.5497747877,1.308942022
0.6986015173,-0.2869441994,0.6813810909
1,-0.5309917261,0.0545427185
