reaction_coordinate,energy_ev,error_ev_ang
0,0,0.0432392432
0.2402204364,0.0404782467,0.0725967762
0.4745013596,0.174442714,0.1412021089
0.7092954031,-0.3381407084,0.0207376857
1,-0.5309917257,0.0545427185
