reaction_coordinate,energy_ev,error_ev_ang
0,0,0.0432392432
0.2351529166,0.0612051032,0.1935554895
0.4562588497,0.3479915928,0.1144973352
0.6990075058,-0.355029241,0.4518851222
1,-0.5309917257,0.0545427185
