reaction_coordinate,energy_ev,error_ev_ang
0,0,0.0432392432
0.284572544,0.2794631829,1.635170067
0.5227036614,1.858428245,1.534906968
0.7374474263,1.30828022,0.962481642
1,-0.5309917261,0.0545427185
