reaction_coordinate,energy_ev,error_ev_ang
0,0,0.0432392432
0.2363662272,0.1661279822,3.016286312
0.45493363,0.3593476532,0.5581144278
0.6989711267,-0.0388997974,6.994424219
1,-0.5309917257,0.0545427185
