reaction_coordinate,energy_ev,error_ev_ang
0,0,0.0432392432
0.2350817125,0.061566456,0.2822900781
0.4563393319,0.3462118983,0.2310272585
0.6984460347,-0.3552151659,0.0707947897
1,-0.5309917257,0.0545427185
