reaction_coordinate,energy_ev,error_ev_ang
0,0,0.0432392432
0.2416972416,0.0648654245,0.987850959
0.4739201233,0.2489016184,0.2640146554
0.7086423217,-0.3558295835,0.2384941202
1,-0.5309917257,0.0545427185
