reaction_coordinate,energy_ev,error_ev_ang
0,0,0.0432392432
0.2410198565,0.0432779585,0.0939793393
0.4751356043,0.1942996959,0.4677966816
0.7095241147,-0.3430706183,0.0493573669
1,-0.5309917257,0.0545427185
