reaction_coordinate,energy_ev,error_ev_ang
0,0,0.0432392432
0.2325277556,0.0291269614,0.3467919675
0.4622076823,0.0925525213,0.3695024721
0.7036249665,-0.3022952064,0.7494462816
1,-0.5309917257,0.0545427185
