reaction_coordinate,energy_ev,error_ev_ang
0,0,0.0432392432
0.2342290523,0.0742833949,0.8297328371
0.4521102133,0.3919528259,0.1951902941
0.6963696119,-0.3401830266,0.1474098814
1,-0.5309917257,0.0545427185
