reaction_coordinate,energy_ev,error_ev_ang
0,0,0.0432392432
0.2419772266,0.0617118669,0.6524718535
0.4736528475,0.2605288947,0.3922996009
0.7076417315,-0.3456825027,0.7078441862
1,-0.5309917257,0.0545427185
