reaction_coordinate,energy_ev,error_ev_ang
0,0,0.0432392432
0.2416448997,0.0579654011,0.5496366236
0.4730876273,0.2619265201,0.3307338154
0.7079545713,-0.354811309,0.5944080571
1,-0.5309917257,0.0545427185
