reaction_coordinate,energy_ev,error_ev_ang
0,0,0.0432392432
0.2417826068,0.0602660671,0.6600534171
0.4736056684,0.2546687675,0.2725033376
0.7081218753,-0.3576622627,0.1268052675
1,-0.5309917257,0.0545427185
