reaction_coordinate,energy_ev,error_ev_ang
0,0,0.0432392432
0.237368602,0.0333307052,0.162206663
0.4712302667,0.1195768367,0.1635149922
0.7077670705,-0.3211729358,0.0255440689
1,-0.5309917257,0.0545427185
