reaction_coordinate,energy_ev,error_ev_ang
0,0,0.0432392432
0.2328375398,0.0694839287,0.7625903103
0.4505803563,0.3784562724,0.8576537372
0.6955736994,-0.3412041978,0.1939277638
1,-0.5309917257,0.0545427185
