reaction_coordinate,energy_ev,error_ev_ang
0,0,0.0432392432
0.2377119886,0.077051529,0.1344921208
0.4561403542,0.4597354848,0.3757045032
0.6985319704,-0.332011873,0.1145317238
1,-0.5309917261,0.0545427185
