reaction_coordinate,energy_ev,error_ev_ang
0,0,0.0432392432
0.2745939083,0.1799988623,1.465850906
0.5032435326,1.471198024,1.305911733
0.7265545441,0.1237244228,1.579304586
1,-0.5309917261,0.0545427185
