reaction_coordinate,energy_ev,error_ev_ang
0,0,0.0432392432
0.2350044501,0.0617259348,0.2064324763
0.456396072,0.3669265199,1.571634934
0.6985265727,-0.3531940625,0.4126424372
1,-0.5309917257,0.0545427185
