reaction_coordinate,energy_ev,error_ev_ang
0,0,0.0432392432
0.2309902617,0.2224275548,3.021988951
0.4584607703,0.3877297168,2.396280515
0.6974984762,-0.3283229051,0.7553639355
1,-0.5309917257,0.0545427185
