reaction_coordinate,energy_ev,error_ev_ang
0,0,0.0432392432
0.2354587261,0.0603376078,0.1678561399
0.457446709,0.3426972276,0.1527845178
0.6992461483,-0.3554296067,0.401521923
1,-0.5309917257,0.0545427185
