reaction_coordinate,energy_ev,error_ev_ang
0,0,0.0432392432
0.2800913605,0.5892996012,6.233199949
0.5187402414,2.382444025,3.556609171
0.7381510934,1.560251723,2.652926481
1,-0.5309917261,0.0545427185
