reaction_coordinate,energy_ev,error_ev_ang
0,0,0.0432392432
0.236379158,0.0921614503,1.477008002
0.4543732961,0.4131618228,0.3475785852
0.6976738479,-0.3407017708,0.3273177236
1,-0.5309917257,0.0545427185
