reaction_coordinate,energy_ev,error_ev_ang
0,0,0.0432392432
0.2413469434,0.0485200758,0.5066157876
0.4749009708,0.2136348537,0.4328051915
0.7093062617,-0.348045344,0.1182285125
1,-0.5309917257,0.0545427185
