reaction_coordinate,energy_ev,error_ev_ang
0,0,0.0432392432
0.2493295823,0.1054921415,0.4553976359
0.4701650566,0.6333207166,0.4406903659
0.7071727935,-0.2786509214,0.5104458914
1,-0.5309917261,0.0545427185
