reaction_coordinate,energy_ev,error_ev_ang
0,0,0.0432392432
0.2352830587,0.0607720934,0.1225350884
0.4569313401,0.3481375321,0.5530239285
0.6990190338,-0.3564997277,0.0710189337
1,-0.5309917257,0.0545427185
