reaction_coordinate,energy_ev,error_ev_ang
0,0,0.0432392432
0.2357622384,0.0601896407,0.1661199848
0.4581068218,0.3397000716,0.2155591505
0.699512527,-0.3559533817,0.4012636212
1,-0.5309917257,0.0545427185
