reaction_coordinate,energy_ev,error_ev_ang
0,0,0.0432392432
0.2416881376,0.0572878068,0.6946823622
0.4740666955,0.2443554202,0.2314563513
0.7086872664,-0.3558692283,0.1495399518
1,-0.5309917257,0.0545427185
