reaction_coordinate,energy_ev,error_ev_ang
0,0,0.0432392432
0.2800887804,0.1928649097,1.446628702
0.5154969996,1.470809494,0.6613141958
0.7343602064,0.7233800486,0.4710932229
1,-0.5309917261,0.0545427185
