reaction_coordinate,energy_ev,error_ev_ang
0,0,0.0432392432
0.23480283,0.0706169929,0.5576697698
0.4529991671,0.4060964557,0.9102564045
0.6969515051,-0.3414968966,0.1464748743
1,-0.5309917257,0.0545427185
