reaction_coordinate,energy_ev,error_ev_ang
0,0,0.0432392432
0.2407413024,0.1019873004,0.948893368
0.4598236584,0.5786794269,1.419732757
0.7005864838,-0.2673508027,0.834528786
1,-0.5309917261,0.0545427185
