reaction_coordinate,energy_ev,error_ev_ang
0,0,0.0432392432
0.2328327231,0.0626864116,0.0792191867
0.4506419569,0.3723443445,0.3741711655
0.6955880845,-0.3417047892,0.0876997967
1,-0.5309917257,0.0545427185
