reaction_coordinate,energy_ev,error_ev_ang
0,0,0.0432392432
0.2841845367,0.1983544676,1.083104793
0.523499057,1.561121034,1.033218712
0.7388647851,0.9828632186,0.3164200696
1,-0.5309917261,0.0545427185
