reaction_coordinate,energy_ev,error_ev_ang
0,0,0.0432392432
0.2415547263,0.0557473695,0.842228341
0.474685085,0.2272048637,0.298270232
0.7091255575,-0.3509175514,0.2119757343
1,-0.5309917257,0.0545427185
