reaction_coordinate,energy_ev,error_ev_ang
0,0,0.0432392432
0.2410111367,0.0430852405,0.0534126841
0.4751285772,0.1925126536,0.2662736869
0.7095287251,-0.3431138295,0.0455773893
1,-0.5309917257,0.0545427185
