reaction_coordinate,energy_ev,error_ev_ang
0,0,0.0432392432
0.2381117317,0.0546420287,0.2137660343
0.4679354445,0.2882248883,0.0821768031
0.7055703581,-0.3631064362,0.397183926
1,-0.5309917257,0.0545427185
