reaction_coordinate,energy_ev,error_ev_ang
0,0,0.0432392432
0.2339316182,0.0909174205,1.500258433
0.4546664197,0.3878503579,2.038152392
0.6971243807,-0.3485927577,0.3170747919
1,-0.5309917257,0.0545427185
