reaction_coordinate,energy_ev,error_ev_ang
0,0,0.0432392432
0.2406816967,0.0439194613,0.3464167212
0.47490974,0.185691523,0.1318928141
0.7094481041,-0.3413746337,0.0393802388
1,-0.5309917257,0.0545427185
