reaction_coordinate,energy_ev,error_ev_ang
0,0,0.0432392432
0.232813489,0.0627029207,0.0815905202
0.450724625,0.3726454084,0.4645508485
0.6955737649,-0.3417403108,0.0541379675
1,-0.5309917257,0.0545427185
