reaction_coordinate,energy_ev,error_ev_ang
0,0,0.0432392432
0.2367312354,0.0730655325,0.0483172421
0.4551329937,0.4347100931,0.254160758
0.6982935995,-0.3392576463,0.1149475199
1,-0.5309917261,0.0545427185
