reaction_coordinate,energy_ev,error_ev_ang
0,0,0.0432392432
0.23670953,0.1533486852,2.498625445
0.4550608636,0.4915008413,2.164460205
0.6978062707,-0.3280643232,0.720492726
1,-0.5309917257,0.0545427185
