reaction_coordinate,energy_ev,error_ev_ang
0,0,0.0432392432
0.2413893636,0.0453269997,0.2272296105
0.4752797967,0.2008339783,0.4348851865
0.7095358813,-0.3448813695,0.0896952042
1,-0.5309917257,0.0545427185
