reaction_coordinate,energy_ev,error_ev_ang
0,0,0.0432392432
0.278096821,0.5613832173,2.070367785
0.5119127397,2.449164598,1.191606336
0.7301830311,1.782886199,1.495115227
1,-0.5309917261,0.0545427185
