reaction_coordinate,energy_ev,error_ev_ang
0,0,0.0432392432
0.234500278,0.0757985839,0.8928046739
0.4525226231,0.395204857,0.2825570512
0.6966157043,-0.3396471349,0.2143782588
1,-0.5309917257,0.0545427185
