reaction_coordinate,energy_ev,error_ev_ang
0,0,0.0432392432
0.234093175,0.0688025236,0.4807057164
0.4519501952,0.3916070934,0.4672795721
0.6962943887,-0.340366685,0.1355098404
1,-0.5309917257,0.0545427185
