reaction_coordinate,energy_ev,error_ev_ang
0,0,0.0432392432
0.2686508052,0.450918383,4.203755047
0.4917975617,1.756362423,5.242858401
0.7176462642,0.1243993196,2.585674104
1,-0.5309917261,0.0545427185
