reaction_coordinate,energy_ev,error_ev_ang
0,0,0.0432392432
0.2416540284,0.0498012883,0.2027750431
0.4744056215,0.2352408779,0.1159983927
0.7089539884,-0.3543673627,0.1070770939
1,-0.5309917257,0.0545427185
