reaction_coordinate,energy_ev,error_ev_ang
0,0,0.0432392432
0.2345469412,0.0622230628,0.3413158397
0.4550407613,0.3510455154,0.1120354
0.6977004993,-0.3532743587,0.0617421862
1,-0.5309917257,0.0545427185
