reaction_coordinate,energy_ev,error_ev_ang
0,0,0.0432392432
0.284058251,0.1759477956,0.3648347003
0.5220697889,1.523376006,0.4840863322
0.738089011,0.960905046,0.4276554845
1,-0.5309917261,0.0545427185
