reaction_coordinate,energy_ev,error_ev_ang
0,0,0.0432392432
0.2540808804,0.1241912824,1.045330848
0.4761347169,0.7290929067,0.9515651085
0.7109804238,-0.1894599016,1.98129517
1,-0.5309917261,0.0545427185
