reaction_coordinate,energy_ev,error_ev_ang
0,0,0.0432392432
0.2416958399,0.0502913642,0.1365718231
0.4741001154,0.2428108327,0.0909726309
0.7087041375,-0.3564921862,0.0682648454
1,-0.5309917257,0.0545427185
