reaction_coordinate,energy_ev,error_ev_ang
0,0,0.0432392432
0.2414870604,0.0536074453,0.1130893574
0.4728220146,0.2611458469,0.1075033367
0.7081432898,-0.3609955541,0.1475876268
1,-0.5309917257,0.0545427185
