reaction_coordinate,energy_ev,error_ev_ang
0,0,0.0432392432
0.2351005034,0.0685249935,0.2640883211
0.4534177262,0.4028409203,0.3325336704
0.6972487152,-0.342106223,0.1391328566
1,-0.5309917257,0.0545427185
