reaction_coordinate,energy_ev,error_ev_ang
0,0,0.0432392432
0.2406916952,0.0844195152,0.2498150533
0.4597937291,0.4977142182,0.4220002098
0.7007200433,-0.3231465714,0.8120571384
1,-0.5309917261,0.0545427185
