reaction_coordinate,energy_ev,error_ev_ang
0,0,0.0432392432
0.2360578969,0.1013793292,1.753305141
0.4697923171,0.1357328917,0.8146140647
0.7072327322,-0.314512875,0.3999874717
1,-0.5309917257,0.0545427185
