reaction_coordinate,energy_ev,error_ev_ang
0,0,0.0432392432
0.2316646006,0.0718834767,0.6705454189
0.4490931276,0.4814281924,1.71498318
0.6941629681,-0.2297016754,1.271087747
1,-0.5309917261,0.0545427185
