reaction_coordinate,energy_ev,error_ev_ang
0,0,0.0432392432
0.2354596443,0.0608017959,0.2202499163
0.4572850176,0.3435401228,0.1705967947
0.6991830738,-0.3546413072,0.4826896715
1,-0.5309917257,0.0545427185
