reaction_coordinate,energy_ev,error_ev_ang
0,0,0.0432392432
0.2826744024,0.3341460177,1.99435591
0.5208256971,1.876773801,1.221763294
0.7368824445,1.350676329,0.661606297
1,-0.5309917261,0.0545427185
