reaction_coordinate,energy_ev,error_ev_ang
0,0,0.0432392432
0.241021395,0.048294606,0.5847781559
0.4751586451,0.1950301652,0.2913052032
0.7095545752,-0.3434278119,0.0524330019
1,-0.5309917257,0.0545427185
