step,energy_ry
1,-143.88306612
2,-143.8863521
3,-143.88812405
4,-143.88895011
5,-143.88968316
6,-143.89056527
