step,energy_ry
1,-143.88306612
2,-143.8863521
3,-143.88812405
4,-143.88895011
5,-143.88968316
6,-143.89056527
7,-143.89117494
8,-143.89153354
9,-143.89183888
10,-143.89212332
