step,energy_ry
1,-143.89375389
2,-143.89709884
3,-143.89889972
4,-143.89973651
5,-143.90049311
