step,energy_ry
1,-143.88306612
2,-143.8863521
3,-143.88812405
