step,gradient_error_ry_bohr
55,0.044
16,0.023
37,0.01
32,0.0099
22,0.0098
20,0.0087
17,0.0085
19,0.0057
20,0.0072
21,0.006
21,0.0053
39,0.0036
25,0.0037
25,0.0022
33,0.0023
28,0.0022
26,0.0021
21,0.0014
28,0.0013
26,0.0014
21,0.0014
16,0.0012
14,0.0012
21,0.0014
29,0.0016
17,0.0012
38,0.0013
17,0.0011
23,0.0013
20,0.0012
25,0.00091
16,0.00077
21,0.00059
32,0.00068
14,0.0006
30,0.00053
14,0.00069
15,0.00063
14,0.00046
