step,total_force_ry_bohr
1,0.083725
2,0.05478
3,0.026659
