step,total_force_ry_bohr
55,0.084002
16,0.05475
37,0.0268
32,0.024437
22,0.025309
20,0.021188
17,0.017047
19,0.016039
20,0.015247
21,0.012738
21,0.011856
39,0.010877
25,0.008453
25,0.006785
33,0.006545
28,0.006505
26,0.005671
21,0.004286
28,0.00383
26,0.003814
21,0.003429
16,0.003014
14,0.003122
21,0.003836
29,0.004459
17,0.003913
38,0.00368
17,0.003479
23,0.003629
20,0.003169
25,0.002413
16,0.002305
21,0.00222
32,0.002165
14,0.001964
30,0.001836
14,0.001757
15,0.001462
14,0.00132
