step,total_force_ry_bohr
1,0.083725
2,0.05478
3,0.026659
4,0.02417
5,0.025047
