step,total_force_ry_bohr
1,0.084002
2,0.05475
3,0.0268
4,0.024437
5,0.025309
6,0.021188
7,0.017047
8,0.016039
9,0.015247
10,0.012738
11,0.011856
12,0.010877
13,0.008453
14,0.006785
15,0.006545
16,0.006505
17,0.005671
18,0.004286
19,0.00383
20,0.003814
21,0.003429
22,0.003014
23,0.003122
24,0.003836
25,0.004459
26,0.003913
27,0.00368
28,0.003479
29,0.003629
