step,total_force_ry_bohr
1,0.083725
2,0.05478
3,0.026659
4,0.02417
5,0.025047
6,0.021149
7,0.017203
8,0.016234
9,0.015449
10,0.012862
11,0.012078
12,0.011179
13,0.008745
14,0.007006
15,0.006713
16,0.006595
17,0.005728
18,0.004402
19,0.004001
20,0.004012
21,0.003643
22,0.00326
23,0.003369
24,0.003979
