step,total_force_ry_bohr
1,0.084002
2,0.05475
3,0.0268
