step,energy_ry
1,-12356.64654219
2,-12356.67364665
3,-12356.70061139
4,-12356.73640602
5,-12356.7800169
6,-12356.82487465
7,-12356.85372973
8,-12356.86020474
9,-12356.86663709
10,-12356.87528337
11,-12356.88712279
12,-12356.89590594
13,-12356.90643669
14,-12356.92109704
15,-12356.93965235
16,-12356.95061373
17,-12356.95711608
18,-12356.95793068
19,-12356.95820013
20,-12356.95861388
21,-12356.95913843
22,-12356.95939502
23,-12356.95940648
24,-12356.95940891
25,-12356.9594093
26,-12356.95940958
