step,energy_ry
1,-3618.85609395
2,-3618.87119836
3,-3618.88689349
4,-3618.90875519
5,-3618.93760345
6,-3618.97264024
7,-3619.00928573
8,-3619.03645089
9,-3619.04244365
10,-3619.04955202
