step,energy_ry
1,-3619.4205051
2,-3619.44700164
