step,energy_ry
1,-3619.4205051
2,-3619.44700164
3,-3619.47295374
4,-3619.50693541
5,-3619.54710824
