step,energy_ry
1,-7241.43471639
2,-7241.43722459
