step,energy_ry
1,-7241.43471639
2,-7241.43722459
3,-7241.43930846
4,-7241.44145829
