step,energy_ry
1,-3619.55078489
2,-3619.56454285
3,-3619.57885102
4,-3619.59893481
5,-3619.62581762
6,-3619.65930245
7,-3619.69604839
8,-3619.72680919
9,-3619.73659647
10,-3619.74397013
11,-3619.75434928
12,-3619.7710382
13,-3619.78599928
14,-3619.80171299
15,-3619.81359987
16,-3619.81905679
17,-3619.82127464
18,-3619.8224442
19,-3619.82244751
