step,energy_ry
1,-3619.55078489
2,-3619.56454285
3,-3619.57885102
4,-3619.59893481
