step,gradient_error_ry_bohr
1,0.027
2,0.024
3,0.022
4,0.021
5,0.019
6,0.017
7,0.014
8,0.016
9,0.018
10,0.017
11,0.012
12,0.021
13,0.029
14,0.028
15,0.016
16,0.0047
17,0.0019
18,0.0016
19,0.0012
20,0.00058
21,0.00031
