step,gradient_error_ry_bohr
1,0.048
2,0.038
3,0.03
4,0.021
5,0.018
6,0.014
7,0.013
8,0.015
9,0.016
10,0.014
11,0.016
12,0.024
13,0.031
14,0.031
15,0.017
16,0.01
17,0.0052
18,0.0041
19,0.0036
20,0.0029
21,0.002
22,0.00051
23,0.00025
24,0.00015
25,0.00013
26,9.5e-05
