step,gradient_error_ry_bohr
1,0.025
2,0.024
3,0.023
4,0.021
5,0.02
6,0.017
7,0.014
8,0.018
9,0.021
10,0.02
11,0.017
12,0.021
13,0.028
14,0.029
15,0.018
16,0.0088
17,0.005
18,0.00029
19,0.00022
