step,total_force_ry_bohr
1,0.125366
2,0.116464
3,0.107827
4,0.097205
5,0.083875
6,0.069147
7,0.058432
8,0.06001
9,0.059877
10,0.056591
11,0.053369
12,0.066094
13,0.092816
14,0.098334
15,0.064636
