step,total_force_ry_bohr
1,0.171444
2,0.148603
3,0.132925
4,0.112487
5,0.090497
6,0.069034
7,0.061725
8,0.059966
9,0.057408
10,0.051389
11,0.056236
12,0.074479
13,0.099237
14,0.10754
15,0.072088
16,0.038507
17,0.017865
18,0.016025
19,0.014563
20,0.012018
21,0.007914
22,0.001705
23,0.000869
24,0.000447
25,0.000431
26,0.000304
