step,total_force_ry_bohr
1,0.119816
2,0.111022
3,0.103294
4,0.094107
