step,total_force_ry_bohr
1,0.125366
2,0.116464
3,0.107827
4,0.097205
5,0.083875
6,0.069147
