step,total_force_ry_bohr
1,0.170495
2,0.144564
3,0.126562
4,0.106518
5,0.083671
6,0.062686
7,0.05589
8,0.05248
9,0.047532
10,0.046151
11,0.060073
12,0.079526
13,0.09405
