step,total_force_ry_bohr
1,0.119816
2,0.111022
3,0.103294
4,0.094107
5,0.083376
6,0.071905
7,0.064308
8,0.066656
9,0.068238
10,0.065896
11,0.060518
12,0.066833
13,0.08718
14,0.093705
