step,total_force_ry_bohr
1,0.05276
2,0.042546
3,0.0333
4,0.02303
5,0.021362
6,0.022766
7,0.022115
8,0.019865
9,0.021148
10,0.021833
11,0.021412
12,0.020785
13,0.021315
14,0.02141
15,0.02128
16,0.022323
17,0.021403
18,0.017284
19,0.012116
20,0.006747
21,0.002788
22,0.000948
