step,total_force_ry_bohr
1,0.170495
2,0.144564
3,0.126562
