step,total_force_ry_bohr
1,0.05276
2,0.042546
3,0.0333
4,0.02303
5,0.021362
6,0.022766
7,0.022115
