step,energy_ry
1,-6194.13931101
2,-6194.69224647
3,-6195.04089259
4,-6195.3445936
5,-6195.50633651
6,-6195.75534116
7,-6195.98643588
8,-6196.09587919
9,-6196.19726253
10,-6196.29081674
11,-6196.38066778
12,-6196.49430538
