step,energy_ry
1,-6194.13931101
2,-6194.69224647
3,-6195.04089259
4,-6195.3445936
5,-6195.50633651
6,-6195.75534116
7,-6195.98643588
