step,energy_ry
1,-6194.13931101
2,-6194.69224647
