step,total_force_ry_bohr
1,0.820933
2,0.572635
3,0.446228
4,0.48158
5,0.450764
6,0.486517
7,0.381485
8,0.470828
9,0.290007
10,0.263679
11,0.269275
12,0.301616
13,0.38468
14,0.319954
15,0.287632
16,0.260018
17,0.268679
18,0.360953
