step,total_force_ry_bohr
1,0.820933
2,0.572635
3,0.446228
4,0.48158
5,0.450764
6,0.486517
