step,energy_ry
82,-6614.50217404
41,-6614.5228926
