step,energy_ry
83,-6614.48563164
40,-6614.50929722
