step,energy_ry
83,-6614.48563164
35,-6614.49932271
