step,energy_ry
83,-6614.48563164
40,-6614.50929722
46,-6614.52581612
49,-6614.53642671
