step,energy_ry
83,-6614.48563164
35,-6614.49932271
46,-6614.51274613
47,-6614.51745805
39,-6614.52122924
40,-6614.52661559
42,-6614.53166306
46,-6614.53766797
42,-6614.54324405
46,-6614.54765534
46,-6614.55320512
40,-6614.55712374
