step,scf_accuracy_ry
1,30.48634884
2,119.17200688
3,18.17253121
4,348.2820058
5,9.93143819
6,10.97058178
7,5.83376804
