step,scf_accuracy_ry
1,30.48634884
2,119.17200688
3,18.17253121
