step,total_force_ry_bohr
83,0.139003
35,0.096889
46,0.079531
47,0.069403
39,0.05284
40,0.059691
42,0.063232
46,0.063811
