step,total_force_ry_bohr
83,0.176207
40,0.126013
46,0.084615
