step,total_force_ry_bohr
83,0.139003
35,0.096889
46,0.079531
47,0.069403
39,0.05284
40,0.059691
42,0.063232
46,0.063811
42,0.067559
46,0.056873
46,0.049342
40,0.045995
41,0.039735
39,0.041628
36,0.041678
41,0.054998
41,0.043615
41,0.043793
39,0.031269
39,0.035017
37,0.031137
30,0.021331
36,0.022942
33,0.026534
36,0.026173
36,0.023799
37,0.021557
36,0.020764
38,0.027066
41,0.022546
31,0.025242
36,0.029365
39,0.031154
39,0.032879
42,0.036513
46,0.03314
