step,total_force_ry_bohr
83,0.139003
35,0.096889
46,0.079531
