step,total_force_ry_bohr
82,0.171758
41,0.112258
52,0.075079
35,0.058423
30,0.046927
