step,energy_ry
145,-7241.43471639
50,-7241.43722459
67,-7241.43930846
60,-7241.44145829
68,-7241.4430683
69,-7241.44366623
90,-7241.44447521
96,-7241.44566326
75,-7241.44663773
60,-7241.44726714
69,-7241.44814063
72,-7241.44925509
87,-7241.45014285
79,-7241.45089397
87,-7241.45179253
82,-7241.45276981
73,-7241.45358853
69,-7241.45444403
60,-7241.45488186
67,-7241.45507246
66,-7241.45512632
69,-7241.45513563
