step,gradient_error_ry_bohr
1,0.016
2,0.013
3,0.011
4,0.0073
5,0.0067
6,0.0075
7,0.0071
8,0.0048
9,0.0067
10,0.0067
11,0.0054
12,0.0044
13,0.005
14,0.0044
15,0.0043
16,0.0041
17,0.0044
18,0.0036
19,0.0025
20,0.0014
21,0.00064
22,0.00021
