step,energy_ry
3,-11488.77175449
8,-11488.77177438
23,-11488.77179667
21,-11488.77182717
24,-11488.77186666
26,-11488.77191006
28,-11488.77193902
