step,energy_ry
93,-11488.77157743
11,-11488.77163562
