step,energy_ry
3,-11488.77175449
8,-11488.77177438
