step,energy_ry
93,-11488.77157743
11,-11488.77163562
22,-11488.77169682
25,-11488.77175449
