step,gradient_error_ry_bohr
3,0.0011
8,0.001
23,0.00094
21,0.00094
24,0.0009
26,0.00082
