step,scf_accuracy_ry
1,108.39066669
2,104.27774458
3,45.74825076
4,21.34366401
5,22.67018392
6,31.46595913
7,19.67189628
8,7.51548099
9,7.31766409
10,8.93886509
