step,total_force_ry_bohr
3,0.004774
8,0.004261
23,0.004011
21,0.00351
24,0.002874
26,0.002343
28,0.002756
19,0.002723
19,0.002512
22,0.002106
