step,total_force_ry_bohr
93,0.008217
11,0.007076
22,0.006072
25,0.004765
