step,total_force_ry_bohr
3,0.004774
8,0.004261
23,0.004011
21,0.00351
24,0.002874
