step,energy_ry
1,-5912.20788301
2,-5912.36314665
3,-5912.50616046
4,-5912.66509029
