step,energy_ry
1,-5914.12547388
2,-5914.1691413
