step,energy_ry
1,-5912.20788301
2,-5912.36314665
