step,energy_ry
1,-5912.20788301
2,-5912.36314665
3,-5912.50616046
4,-5912.66509029
5,-5912.83120438
6,-5912.98504608
7,-5913.08282721
8,-5913.1265913
9,-5913.15297258
