step,energy_ry
1,-5914.12547388
2,-5914.1691413
3,-5914.21047678
4,-5914.2597228
5,-5914.30621221
6,-5914.32335937
7,-5914.32418066
8,-5914.3242467
