step,total_force_ry_bohr
1,0.422177
2,0.328735
3,0.266251
