step,total_force_ry_bohr
1,0.422177
2,0.328735
3,0.266251
4,0.213003
5,0.171784
6,0.138144
7,0.109892
8,0.099941
9,0.106544
10,0.126707
11,0.169722
