step,total_force_ry_bohr
1,0.218698
2,0.18191
3,0.147258
4,0.104403
5,0.053551
