step,energy_ry
70,-11771.85349524
22,-11771.85447421
29,-11771.85591716
