step,energy_ry
70,-11771.85349524
22,-11771.85447421
29,-11771.85591716
29,-11771.85665031
27,-11771.85690895
29,-11771.85726408
30,-11771.85758438
30,-11771.85786902
29,-11771.85797667
33,-11771.85812539
40,-11771.85829707
38,-11771.8584744
34,-11771.85863303
34,-11771.85879958
37,-11771.85896303
37,-11771.85914084
