step,scf_accuracy_ry
1,111.06305282
2,120.01707349
3,45.68471871
4,22.70900835
5,26.82751157
6,22.15838129
