step,total_force_ry_bohr
70,0.037052
22,0.034763
29,0.021966
29,0.021485
27,0.015376
