step,total_force_ry_bohr
70,0.037052
22,0.034763
29,0.021966
29,0.021485
27,0.015376
29,0.016425
30,0.014442
30,0.010792
29,0.00996
33,0.010305
