step,total_force_ry_bohr
70,0.037052
22,0.034763
29,0.021966
29,0.021485
27,0.015376
29,0.016425
30,0.014442
30,0.010792
29,0.00996
33,0.010305
40,0.011176
38,0.010438
34,0.009868
34,0.010788
37,0.0118
37,0.011196
40,0.010228
37,0.010386
39,0.010684
38,0.010629
38,0.010344
36,0.010056
34,0.010624
37,0.011094
