step,energy_ry
1,-8183.81593428
2,-8183.83910298
3,-8183.84588145
