step,energy_ry
1,-8183.77800435
2,-8183.78295727
3,-8183.78596565
