step,energy_ry
1,-8183.86857244
2,-8183.86861509
