step,energy_ry
1,-8183.77800437
2,-8183.78296823
3,-8183.7859899
4,-8183.78762925
5,-8183.78878601
6,-8183.79002147
7,-8183.79081276
8,-8183.79143033
