step,energy_ry
1,-8183.87166473
2,-8183.87184023
3,-8183.87200013
4,-8183.87211884
5,-8183.87222025
6,-8183.87231552
7,-8183.87239864
8,-8183.87247382
9,-8183.87253592
10,-8183.87259253
11,-8183.87264697
12,-8183.87269376
13,-8183.87278656
