step,energy_ry
1,-8183.87166473
2,-8183.87184023
3,-8183.87200013
