step,energy_ry
1,-8183.77800437
2,-8183.78296823
3,-8183.7859899
4,-8183.78762925
5,-8183.78878601
6,-8183.79002147
7,-8183.79081276
8,-8183.79143033
9,-8183.79189199
10,-8183.79231289
11,-8183.79282148
12,-8183.79335915
13,-8183.79406927
14,-8183.79488023
15,-8183.79547703
16,-8183.79603048
17,-8183.79646058
18,-8183.796823
19,-8183.79722835
20,-8183.79769809
21,-8183.79824404
22,-8183.79883301
23,-8183.79940308
24,-8183.7998585
