step,energy_ry
1,-8183.77800438
2,-8183.78296887
