step,energy_ry
1,-8183.77800438
2,-8183.78296887
3,-8183.78598992
4,-8183.78762925
5,-8183.78878562
6,-8183.79002367
7,-8183.7908116
8,-8183.7914318
9,-8183.79189258
10,-8183.79231289
11,-8183.7928224
12,-8183.79336141
13,-8183.79407185
14,-8183.79488386
15,-8183.79547849
