step,energy_ry
1,-8183.77800435
2,-8183.78295727
3,-8183.78596565
4,-8183.78759812
5,-8183.78875003
6,-8183.78998263
7,-8183.79076891
8,-8183.79138005
9,-8183.79183668
