step,energy_ry
1,-8183.77800438
2,-8183.78296887
3,-8183.78598992
4,-8183.78762925
