step,energy_ry
1,-8183.77800437
2,-8183.78296823
3,-8183.7859899
4,-8183.78762925
