step,energy_ry
1,-8183.77800437
2,-8183.78296823
