step,energy_ry
1,-8183.77800435
2,-8183.78295727
3,-8183.78596565
4,-8183.78759812
5,-8183.78875003
