step,energy_ry
1,-8183.86857244
2,-8183.86861509
3,-8183.86865665
4,-8183.86870156
