step,total_force_ry_bohr
53,0.010365
46,0.009889
46,0.008502
48,0.007481
53,0.007102
47,0.006959
46,0.006571
43,0.005932
42,0.005638
45,0.005629
40,0.005811
42,0.005891
49,0.006791
46,0.007362
46,0.007567
47,0.008008
47,0.008425
47,0.008655
47,0.009268
47,0.01033
47,0.009466
46,0.008626
42,0.007665
45,0.006854
46,0.00591
51,0.006446
45,0.005863
39,0.005344
40,0.004609
44,0.004072
49,0.004274
