step,total_force_ry_bohr
1,0.093675
2,0.058944
3,0.03767
4,0.031807
5,0.02912
6,0.024514
7,0.020752
8,0.018847
9,0.01915
10,0.017605
11,0.018442
12,0.019594
13,0.020408
