step,total_force_ry_bohr
1,0.007073
2,0.005712
3,0.004509
4,0.004064
5,0.004564
6,0.005858
7,0.006176
8,0.005822
9,0.005856
10,0.006072
11,0.006212
12,0.006044
