step,total_force_ry_bohr
1,0.010365
2,0.009889
3,0.008502
4,0.007481
