step,total_force_ry_bohr
1,0.007073
2,0.005712
3,0.004509
4,0.004064
5,0.004564
6,0.005858
7,0.006176
8,0.005822
9,0.005856
10,0.006072
11,0.006212
12,0.006044
13,0.00593
14,0.006166
15,0.006612
16,0.006824
17,0.007046
18,0.007363
19,0.007697
20,0.008151
21,0.00841
22,0.008077
23,0.007292
24,0.006386
25,0.005721
26,0.005351
27,0.005126
28,0.00515
29,0.005373
30,0.005786
31,0.006218
32,0.006503
33,0.00678
