step,total_force_ry_bohr
1,0.204444
2,0.083957
3,0.047553
4,0.037666
5,0.036811
6,0.036013
7,0.034258
8,0.029637
9,0.025451
10,0.023204
11,0.019887
12,0.019427
13,0.018381
14,0.015323
15,0.012381
16,0.011041
17,0.010337
18,0.010045
19,0.0102
20,0.011327
21,0.012517
22,0.013717
23,0.015152
24,0.015629
25,0.015674
26,0.015852
27,0.015548
28,0.014728
29,0.014041
