step,total_force_ry_bohr
1,0.204444
2,0.083957
3,0.047553
4,0.037666
5,0.036811
