step,total_force_ry_bohr
1,0.093675
2,0.058944
3,0.03767
4,0.031807
5,0.02912
