step,total_force_ry_bohr
1,0.093675
2,0.058944
3,0.03767
4,0.031807
5,0.02912
6,0.024514
7,0.020752
8,0.018847
9,0.01915
10,0.017605
11,0.018442
12,0.019594
13,0.020408
14,0.020791
15,0.018971
16,0.016168
17,0.015166
18,0.015438
19,0.016171
20,0.0174
21,0.018774
22,0.018943
23,0.017187
24,0.014612
25,0.013167
26,0.012431
27,0.011243
28,0.009647
29,0.00856
30,0.008918
31,0.010753
32,0.012027
