step,total_force_ry_bohr
1,0.093733
2,0.059005
3,0.037761
4,0.031864
