step,total_force_ry_bohr
1,0.09374
2,0.059002
3,0.037755
4,0.031862
5,0.029157
6,0.024609
7,0.02086
8,0.018921
