step,total_force_ry_bohr
1,0.010365
2,0.009889
3,0.008502
4,0.007481
5,0.007102
6,0.006959
7,0.006571
8,0.005932
9,0.005638
10,0.005629
11,0.005811
12,0.005891
13,0.006791
14,0.007362
15,0.007567
16,0.008008
17,0.008425
18,0.008655
19,0.009268
20,0.01033
21,0.009466
22,0.008626
23,0.007665
24,0.006854
25,0.00591
26,0.006446
27,0.005863
28,0.005344
29,0.004609
30,0.004072
31,0.004274
