step,total_force_ry_bohr
1,0.093733
2,0.059005
3,0.037761
4,0.031864
5,0.029186
6,0.024597
7,0.020853
8,0.018958
9,0.019248
10,0.017691
11,0.018517
12,0.019645
13,0.020456
