step,total_force_ry_bohr
1,0.204444
2,0.083957
3,0.047553
4,0.037666
5,0.036811
6,0.036013
7,0.034258
8,0.029637
9,0.025451
10,0.023204
11,0.019887
12,0.019427
13,0.018381
