step,energy_ry
1,-8039.89297508
2,-8039.89425265
3,-8039.89564783
4,-8039.89772504
5,-8039.90081257
