step,energy_ry
1,-8039.89297508
2,-8039.89425265
3,-8039.89564783
4,-8039.89772504
5,-8039.90081257
6,-8039.90538633
7,-8039.9121212
8,-8039.9218902
9,-8039.93561771
10,-8039.95354645
11,-8039.97199851
12,-8039.97857119
13,-8039.98189809
14,-8039.98475417
15,-8039.98871932
16,-8039.99433501
17,-8040.00238165
