step,total_force_ry_bohr
1,0.035816
2,0.035504
3,0.035284
4,0.035061
5,0.034897
6,0.034546
7,0.034558
