step,total_force_ry_bohr
1,0.035816
2,0.035504
3,0.035284
4,0.035061
5,0.034897
6,0.034546
7,0.034558
8,0.034658
9,0.035266
10,0.036526
11,0.042128
12,0.060299
13,0.055925
14,0.054062
15,0.052479
16,0.050973
17,0.049475
18,0.047558
19,0.045805
20,0.050074
21,0.076414
22,0.059645
23,0.03238
24,0.039893
25,0.058621
26,0.068121
