step,energy_ry
6,-8184.7847398
20,-8184.78474974
38,-8184.78475891
