step,gradient_error_ry_bohr
6,0.00094
20,0.00082
38,0.00073
