step,total_force_ry_bohr
1,0.003339
2,0.002765
3,0.002291
