step,total_force_ry_bohr
6,0.003339
20,0.002765
38,0.002291
