step,energy_ry
4,-6580.98500266
15,-6580.98502548
27,-6580.985045
