step,energy_ry
89,-6580.95972575
29,-6580.96443136
48,-6580.96900501
49,-6580.97140031
46,-6580.97301921
41,-6580.97467898
38,-6580.97603561
