step,energy_ry
89,-6580.95972575
29,-6580.96443136
48,-6580.96900501
49,-6580.97140031
46,-6580.97301921
41,-6580.97467898
38,-6580.97603561
35,-6580.97750676
36,-6580.97899578
37,-6580.9801757
37,-6580.98105133
38,-6580.98156033
38,-6580.98196915
40,-6580.98223927
32,-6580.98242253
31,-6580.98257295
36,-6580.98273088
35,-6580.98285472
