step,energy_ry
89,-6580.95972575
29,-6580.96443136
