step,scf_accuracy_ry
1,1.45e-06
2,0.0002896
3,2.3e-06
4,2e-08
1,3.079e-05
2,0.001086
3,0.00078088
4,5.9e-06
5,1.75e-06
6,1.44e-06
7,5.2e-07
8,4.5e-07
9,2.9e-07
10,1.4e-07
11,2.2e-07
12,1e-07
13,1e-07
14,2.8e-07
