step,scf_accuracy_ry
1,1.45e-06
2,0.0002896
3,2.3e-06
4,2e-08
1,3.079e-05
2,0.001086
3,0.00078088
4,5.9e-06
5,1.75e-06
6,1.44e-06
7,5.2e-07
