step,scf_accuracy_ry
1,1.45e-06
2,0.0002896
3,2.3e-06
4,2e-08
1,3.079e-05
2,0.001086
3,0.00078088
4,5.9e-06
5,1.75e-06
6,1.44e-06
7,5.2e-07
8,4.5e-07
9,2.9e-07
10,1.4e-07
11,2.2e-07
12,1e-07
13,1e-07
14,2.8e-07
15,3e-08
1,0.00028928
2,0.06411692
3,0.00017289
4,2.9e-06
5,1.77e-06
6,1.21e-06
7,1.16e-06
8,2.22e-06
9,7.8e-07
10,3.5e-07
