step,scf_accuracy_ry
1,30.4148516
2,119.75034625
3,15.68736207
4,177.19507666
5,15.67470964
6,8.67606102
7,6.2580834
8,6.70926003
9,5.51961272
10,2.35821802
11,1.38389119
12,0.87451267
13,0.27145223
14,0.95242824
15,1.98381057
16,0.1132925
17,0.04286708
18,0.06070715
19,0.03508567
20,0.02195696
21,0.01766863
22,0.02099335
23,0.00687776
24,0.00546325
25,0.10615665
26,0.00278382
27,0.00200747
28,0.00206572
