step,total_force_ry_bohr
89,0.087756
29,0.063791
48,0.042614
49,0.036856
46,0.034824
41,0.030457
38,0.028656
35,0.031003
36,0.035118
37,0.030766
37,0.019912
38,0.016648
38,0.014214
40,0.012908
32,0.011547
31,0.009417
36,0.008429
35,0.008578
37,0.008869
38,0.008911
41,0.00919
42,0.009768
41,0.010084
44,0.010023
39,0.010141
51,0.010115
42,0.009217
42,0.00759
39,0.00646
41,0.005998
47,0.005584
35,0.005184
