step,total_force_ry_bohr
89,0.087756
29,0.063791
48,0.042614
49,0.036856
46,0.034824
41,0.030457
38,0.028656
35,0.031003
36,0.035118
