step,total_force_ry_bohr
89,0.087756
29,0.063791
48,0.042614
49,0.036856
46,0.034824
41,0.030457
38,0.028656
35,0.031003
36,0.035118
37,0.030766
37,0.019912
38,0.016648
38,0.014214
40,0.012908
32,0.011547
31,0.009417
36,0.008429
35,0.008578
