step,total_force_ry_bohr
4,0.005085
15,0.004055
27,0.003252
26,0.002616
28,0.00238
