step,total_force_ry_bohr
89,0.087756
29,0.063791
48,0.042614
49,0.036856
46,0.034824
