step,energy_ry
85,-6614.29073607
47,-6614.38552487
38,-6614.41956549
32,-6614.44530859
41,-6614.45960641
40,-6614.46893043
39,-6614.47631613
43,-6614.4839853
47,-6614.49374838
41,-6614.50130064
36,-6614.50444214
31,-6614.50777712
35,-6614.51049475
37,-6614.5133824
39,-6614.51595753
36,-6614.51750086
39,-6614.5194395
38,-6614.5217902
44,-6614.52434526
47,-6614.5244751
37,-6614.52527975
32,-6614.52571686
39,-6614.52609056
