step,energy_ry
85,-6614.29073607
47,-6614.38552487
38,-6614.41956549
