step,energy_ry
78,-6614.4465186
32,-6614.46138974
47,-6614.47825486
45,-6614.48425409
39,-6614.48903177
