step,energy_ry
86,-6614.22671489
46,-6614.39235611
46,-6614.47352482
