step,energy_ry
78,-6614.4465186
32,-6614.46138974
47,-6614.47825486
45,-6614.48425409
39,-6614.48903177
36,-6614.4953704
38,-6614.50147734
37,-6614.50881337
45,-6614.51602085
40,-6614.52111996
46,-6614.5271113
43,-6614.53265763
40,-6614.5358369
41,-6614.53838774
37,-6614.54017464
40,-6614.5415788
