step,energy_ry
86,-6614.22671489
46,-6614.39235611
46,-6614.47352482
41,-6614.51283079
48,-6614.55761286
50,-6614.58061467
29,-6614.59496133
36,-6614.59960284
40,-6614.60378824
41,-6614.60613027
36,-6614.6071581
35,-6614.607865
35,-6614.60866612
31,-6614.60931466
29,-6614.60991754
30,-6614.61050414
35,-6614.61140771
35,-6614.61275269
39,-6614.61449617
35,-6614.61586383
38,-6614.61671386
42,-6614.6184031
37,-6614.61969373
33,-6614.6207071
38,-6614.62199039
35,-6614.62100251
