step,energy_ry
85,-6614.29073607
47,-6614.38552487
38,-6614.41956549
32,-6614.44530859
41,-6614.45960641
40,-6614.46893043
