step,energy_ry
86,-6614.22671489
46,-6614.39235611
46,-6614.47352482
41,-6614.51283079
48,-6614.55761286
50,-6614.58061467
29,-6614.59496133
36,-6614.59960284
40,-6614.60378824
41,-6614.60613027
36,-6614.6071581
35,-6614.607865
35,-6614.60866612
31,-6614.60931466
29,-6614.60991754
30,-6614.61050414
35,-6614.61140771
