step,scf_accuracy_ry
1,30.52661398
2,119.13360909
3,17.41812689
4,389.68687532
5,9.53222719
6,10.65067901
7,5.49526698
8,8.16179366
9,6.95058301
10,4.14485705
11,0.73600861
12,0.59608704
13,0.23061512
14,0.48586385
15,0.41727389
16,0.14444849
17,0.04688954
18,0.04769486
19,0.02979001
20,0.07759776
21,0.03864621
22,0.00824267
23,0.00712665
24,0.00589376
