step,scf_accuracy_ry
1,30.88833582
2,139.48477486
3,148.86788744
4,40.73822258
5,17.91575202
6,12.80562648
7,12.42146118
8,4.37506472
9,4.2362616
10,2.60005633
