step,scf_accuracy_ry
1,30.8877555
2,120.27137921
3,16.50760572
4,29.37211793
5,90.92905851
6,29.04319067
7,7.13265361
8,7.38849046
9,5.2336739
10,6.26241379
11,1.54988304
12,1.10452603
13,1.09059192
14,0.21923741
15,0.73334196
16,2.06149772
17,0.14545973
18,0.0473635
19,0.04697423
20,0.0323887
21,0.02805918
22,0.03227745
23,0.01178531
24,0.01055947
25,0.00841288
26,0.05855191
27,0.0058489
28,0.00341817
29,0.00279032
