step,total_force_ry_bohr
85,0.313951
47,0.252379
38,0.321462
32,0.154045
41,0.094932
