step,total_force_ry_bohr
85,0.313951
47,0.252379
38,0.321462
32,0.154045
41,0.094932
40,0.079518
39,0.067082
43,0.062859
47,0.063401
41,0.086557
36,0.071336
31,0.043344
35,0.034415
37,0.037923
39,0.049842
36,0.047678
39,0.038339
38,0.032696
44,0.01995
47,0.040693
37,0.021461
32,0.01774
39,0.01462
41,0.011892
34,0.012345
37,0.012556
37,0.012711
38,0.012804
42,0.013047
41,0.01228
39,0.010486
39,0.009375
