step,total_force_ry_bohr
78,0.141458
32,0.098897
47,0.081313
45,0.072116
39,0.065337
36,0.066192
38,0.065566
37,0.062349
45,0.063505
40,0.062503
46,0.055921
43,0.05098
40,0.042769
41,0.034997
37,0.033427
40,0.031508
42,0.024987
39,0.021256
41,0.019581
38,0.017505
36,0.012084
