step,total_force_ry_bohr
78,0.141458
32,0.098897
47,0.081313
