step,total_force_ry_bohr
86,0.470925
46,0.252014
46,0.137812
41,0.150232
48,0.121879
50,0.219128
29,0.038887
36,0.027502
40,0.028841
41,0.035412
