step,total_force_ry_bohr
86,0.470925
46,0.252014
46,0.137812
41,0.150232
48,0.121879
50,0.219128
29,0.038887
36,0.027502
40,0.028841
41,0.035412
36,0.023554
35,0.018429
35,0.015173
31,0.024584
29,0.027799
30,0.028294
35,0.028191
35,0.030247
39,0.039055
35,0.022985
38,0.066539
42,0.028999
37,0.030365
33,0.043529
38,0.043333
35,0.088595
38,0.038052
41,0.038374
28,0.032377
38,0.028074
37,0.05174
33,0.017933
33,0.011317
36,0.012693
37,0.016243
