step,total_force_ry_bohr
85,0.313951
47,0.252379
38,0.321462
32,0.154045
41,0.094932
40,0.079518
39,0.067082
43,0.062859
47,0.063401
41,0.086557
