step,total_force_ry_bohr
86,0.470925
46,0.252014
46,0.137812
41,0.150232
