step,total_force_ry_bohr
86,0.470925
46,0.252014
46,0.137812
41,0.150232
48,0.121879
50,0.219128
29,0.038887
36,0.027502
40,0.028841
41,0.035412
36,0.023554
35,0.018429
35,0.015173
31,0.024584
29,0.027799
30,0.028294
35,0.028191
