step,energy_ry
91,-6614.50801662
31,-6614.51290072
