step,energy_ry
87,-6614.4917384
38,-6614.50346825
