step,energy_ry
91,-6614.50801662
35,-6614.51550879
48,-6614.52295472
41,-6614.52548755
31,-6614.52751891
