step,energy_ry
91,-6614.50801662
31,-6614.51290072
39,-6614.51786628
41,-6614.52116053
40,-6614.52286252
41,-6614.52485144
38,-6614.52627902
38,-6614.52772174
40,-6614.53003214
38,-6614.53262323
40,-6614.53498044
44,-6614.53828676
