step,energy_ry
87,-6614.4917384
38,-6614.50346825
49,-6614.51589212
35,-6614.51826991
41,-6614.52209982
45,-6614.52516665
40,-6614.52781257
46,-6614.53052085
48,-6614.53301023
