step,energy_ry
91,-6614.50801662
35,-6614.51550879
