step,energy_ry
91,-6614.50801662
31,-6614.51290072
39,-6614.51786628
41,-6614.52116053
