step,scf_accuracy_ry
1,30.38432628
2,118.45698553
3,19.06335786
