step,scf_accuracy_ry
1,30.67117685
2,107.36570316
3,23.39411977
4,201.0628806
5,8.59696822
6,9.28846531
7,5.7746192
8,6.39209698
9,5.00366422
10,1.6706388
11,0.56385478
12,0.71161288
13,0.36795797
14,0.24579096
15,1.15166497
16,0.15980971
17,0.0833527
18,0.03033603
19,0.03978111
20,0.01725092
21,0.01760048
22,0.01367392
23,0.01125061
24,0.00682367
25,0.02071736
26,0.00860548
27,0.00381032
28,0.00181565
29,0.00250736
