step,scf_accuracy_ry
1,30.38432628
2,118.45698553
3,19.06335786
4,312.47231118
5,8.50360046
6,8.55564307
7,5.9838441
8,6.16547018
9,5.13834514
10,1.85376312
11,0.59443405
