step,total_force_ry_bohr
87,0.125302
38,0.092703
49,0.054692
35,0.048761
41,0.049802
45,0.060759
