step,total_force_ry_bohr
91,0.111555
35,0.088449
48,0.05541
41,0.053882
31,0.037334
