step,total_force_ry_bohr
91,0.097419
31,0.081718
39,0.051161
41,0.047789
