step,total_force_ry_bohr
87,0.125302
38,0.092703
49,0.054692
35,0.048761
41,0.049802
45,0.060759
40,0.048798
46,0.041804
48,0.042358
42,0.044721
48,0.045276
49,0.04503
50,0.051759
50,0.076057
50,0.119326
35,0.094821
45,0.075369
35,0.05247
45,0.051099
