step,total_force_ry_bohr
91,0.097419
31,0.081718
39,0.051161
41,0.047789
40,0.037747
41,0.034732
38,0.034718
38,0.03518
40,0.040438
38,0.042984
40,0.043968
44,0.066409
37,0.08782
36,0.088071
38,0.094493
39,0.087317
