step,energy_ry
1,-3653.29765449
2,-3653.3634887
3,-3653.46654747
