step,energy_ry
1,-3653.29765449
2,-3653.3634887
3,-3653.46654747
4,-3653.61456752
5,-3653.68096192
