step,energy_ry
1,-3653.29765449
2,-3653.3634887
3,-3653.46654747
4,-3653.61456752
5,-3653.68096192
6,-3653.72289457
7,-3653.75061837
8,-3653.78505536
9,-3653.82908091
10,-3653.87132605
11,-3653.88413056
12,-3653.89114591
13,-3653.89641507
14,-3653.90326312
15,-3653.91170691
