step,total_force_ry_bohr
1,1.688866
2,2.035236
3,0.647596
4,0.296664
5,0.202482
6,0.149467
7,0.171303
8,0.163217
9,0.128403
10,0.073398
11,0.113139
12,0.080915
13,0.063567
14,0.054218
15,0.068415
16,0.101113
17,0.128096
18,0.123283
19,0.092263
20,0.073628
21,0.056831
