step,total_force_ry_bohr
1,1.688866
2,2.035236
3,0.647596
