step,energy_ry
97,-7323.91111718
25,-7323.92489578
29,-7323.94127719
29,-7323.94810055
27,-7323.95507677
29,-7323.96227331
30,-7323.96659571
32,-7323.97139752
32,-7323.97798203
34,-7323.98506472
33,-7323.98882475
