step,energy_ry
83,-7323.81533032
33,-7323.83409995
30,-7323.87209128
27,-7323.88523396
29,-7323.89279838
28,-7323.8981422
30,-7323.90176103
28,-7323.90521389
24,-7323.90946576
28,-7323.91405152
33,-7323.91973124
28,-7323.92330198
