step,energy_ry
97,-7323.91111718
25,-7323.92489578
29,-7323.94127719
