step,energy_ry
89,-7323.92134511
27,-7323.92935593
