step,energy_ry
65,-7323.92388567
26,-7323.93738803
28,-7323.95345427
30,-7323.9624041
30,-7323.96798275
29,-7323.97261228
29,-7323.97546955
26,-7323.97707687
29,-7323.97852246
29,-7323.97998515
30,-7323.98113779
33,-7323.98205782
