step,energy_ry
74,-7323.90993398
24,-7323.92346564
29,-7323.9398128
29,-7323.9468946
27,-7323.95328912
28,-7323.96009222
30,-7323.96440395
32,-7323.96905541
32,-7323.97538317
34,-7323.98226158
