step,energy_ry
74,-7323.90993398
24,-7323.92346564
