step,energy_ry
83,-8218.44625591
42,-8218.54551156
51,-8218.59897621
38,-8218.61242461
40,-8218.61680899
34,-8218.62307856
41,-8218.62829949
38,-8218.6309994
38,-8218.6325722
48,-8218.63516752
46,-8218.6370084
46,-8218.63845568
