step,energy_ry
74,-7323.90993398
24,-7323.92346564
29,-7323.9398128
29,-7323.9468946
27,-7323.95328912
28,-7323.96009222
