step,energy_ry
83,-7323.81533032
33,-7323.83409995
30,-7323.87209128
