step,energy_ry
88,-7323.88872237
26,-7323.91414392
28,-7323.93209689
29,-7323.9411238
