step,energy_ry
65,-7323.92388567
26,-7323.93738803
28,-7323.95345427
