step,energy_ry
88,-7323.88872237
26,-7323.91414392
28,-7323.93209689
29,-7323.9411238
29,-7323.94679044
31,-7323.95350671
29,-7323.95902865
29,-7323.9634264
31,-7323.96707167
31,-7323.97036093
