step,energy_ry
89,-7323.92134511
27,-7323.92935593
28,-7323.93585619
27,-7323.94094712
28,-7323.94679742
31,-7323.95226645
30,-7323.95533586
28,-7323.95797794
30,-7323.96020032
25,-7323.9616232
