step,energy_ry
97,-7323.91111718
25,-7323.92489578
29,-7323.94127719
29,-7323.94810055
27,-7323.95507677
29,-7323.96227331
30,-7323.96659571
32,-7323.97139752
32,-7323.97798203
34,-7323.98506472
33,-7323.98882475
30,-7323.99090038
29,-7323.99233527
26,-7323.99338523
30,-7323.99433071
26,-7323.99507286
29,-7323.99591624
31,-7323.99675942
29,-7323.99742572
28,-7323.99806581
29,-7323.9987376
32,-7323.99945892
31,-7324.00018047
30,-7324.00098979
32,-7324.00195235
