step,scf_accuracy_ry
1,150.30308436
2,5578.88280112
3,63.83879975
4,13.09400639
5,42.12908439
6,23.9864354
7,10.38278189
8,6.96542033
9,2.47837469
