step,scf_accuracy_ry
1,152.76486264
2,5519.68143722
3,67.91200564
4,12.81144554
5,51.9897834
6,27.92311946
7,13.62396284
8,8.09692219
9,3.06412793
10,1.89335629
11,2.7426885
12,1.57336298
13,0.28551236
14,0.19695325
