step,scf_accuracy_ry
1,145.74381378
2,3446.05139346
3,64.35698515
4,12.36676418
5,21.73911354
6,6.79252047
