step,scf_accuracy_ry
1,145.75188211
2,3638.86457359
3,59.76583405
4,14.63245434
5,18.54592027
6,7.60997522
7,5.01406134
8,3.57741556
9,2.62938373
10,2.56791935
11,1.91015997
12,0.4634297
13,0.27577634
14,0.15482522
15,0.08761342
16,0.1404805
17,0.06177459
18,0.05288409
19,0.0179814
20,0.00785211
21,0.00845024
22,0.01306592
23,0.00453514
24,0.00447743
25,0.00318802
26,0.00280574
27,0.00310856
28,0.00283083
29,0.00261843
30,0.00101513
31,0.00094525
32,0.0019783
33,0.00098155
