step,scf_accuracy_ry
1,150.89067102
2,5716.16288895
3,64.10510287
4,12.87866577
5,39.17101508
6,21.15417716
7,11.23945641
8,5.20462343
9,2.46255664
10,2.31791016
11,3.46551242
12,0.48401198
13,0.26610227
14,0.16598251
