step,total_force_ry_bohr
83,0.368176
42,0.233354
51,0.181761
38,0.064397
40,0.072584
34,0.081652
41,0.055852
38,0.041222
38,0.036738
48,0.042489
46,0.039017
46,0.034267
41,0.035684
40,0.038965
41,0.031146
40,0.024889
48,0.024886
38,0.024277
47,0.021243
