step,total_force_ry_bohr
97,0.147465
25,0.120902
29,0.076847
29,0.073077
27,0.061947
29,0.053684
30,0.056937
32,0.061197
32,0.06281
34,0.054983
33,0.04155
30,0.036884
29,0.030788
26,0.024662
30,0.0239
26,0.023353
29,0.021911
31,0.020189
29,0.019158
28,0.019256
29,0.019755
32,0.020188
31,0.020799
30,0.022157
32,0.023889
36,0.023143
29,0.018473
28,0.014694
28,0.01423
30,0.015693
