step,total_force_ry_bohr
83,0.290387
33,0.439388
30,0.143645
27,0.095166
29,0.064283
28,0.049793
30,0.050611
28,0.054234
