step,total_force_ry_bohr
88,0.201894
26,0.124016
28,0.075652
29,0.065744
29,0.064666
31,0.061843
29,0.055718
29,0.04986
