step,total_force_ry_bohr
83,0.368176
42,0.233354
51,0.181761
38,0.064397
40,0.072584
34,0.081652
41,0.055852
38,0.041222
38,0.036738
48,0.042489
