step,total_force_ry_bohr
65,0.142132
26,0.102935
28,0.078027
30,0.069951
30,0.062788
29,0.049505
29,0.035163
26,0.032853
