step,total_force_ry_bohr
65,0.142132
26,0.102935
28,0.078027
30,0.069951
30,0.062788
29,0.049505
29,0.035163
26,0.032853
29,0.0332
29,0.029268
30,0.024261
33,0.023672
33,0.026076
36,0.027753
35,0.028495
35,0.025233
30,0.020696
30,0.020266
30,0.021053
30,0.021755
35,0.022593
32,0.023111
37,0.023163
