step,total_force_ry_bohr
89,0.124396
27,0.082552
28,0.066063
27,0.056437
28,0.049574
31,0.051124
30,0.048866
28,0.03782
30,0.034781
25,0.036906
27,0.037016
29,0.034335
27,0.033011
31,0.033293
30,0.034719
