step,total_force_ry_bohr
89,0.124396
27,0.082552
28,0.066063
27,0.056437
28,0.049574
