step,total_force_ry_bohr
97,0.147465
25,0.120902
29,0.076847
29,0.073077
27,0.061947
29,0.053684
30,0.056937
32,0.061197
32,0.06281
