step,total_force_ry_bohr
74,0.146749
24,0.121006
29,0.077102
29,0.07321
27,0.060756
28,0.053031
30,0.056832
32,0.060488
32,0.061745
34,0.055212
32,0.043299
32,0.038797
31,0.032359
28,0.025294
31,0.024438
26,0.024423
32,0.023626
31,0.021922
28,0.020499
29,0.020585
