step,total_force_ry_bohr
89,0.124396
27,0.082552
28,0.066063
27,0.056437
28,0.049574
31,0.051124
30,0.048866
28,0.03782
30,0.034781
25,0.036906
27,0.037016
29,0.034335
27,0.033011
31,0.033293
30,0.034719
31,0.036731
32,0.029972
29,0.033086
27,0.028086
26,0.024047
28,0.023294
29,0.024986
30,0.028258
34,0.030144
32,0.027559
34,0.023775
28,0.024678
30,0.024717
26,0.019562
28,0.015808
29,0.014678
35,0.015535
29,0.013092
33,0.014155
33,0.018938
30,0.012397
