step,total_force_ry_bohr
74,0.146749
24,0.121006
29,0.077102
29,0.07321
