step,total_force_ry_bohr
88,0.201894
26,0.124016
28,0.075652
29,0.065744
29,0.064666
31,0.061843
29,0.055718
29,0.04986
31,0.048904
31,0.04487
30,0.04185
27,0.040817
28,0.040843
33,0.040638
