step,total_force_ry_bohr
88,0.201894
26,0.124016
28,0.075652
29,0.065744
29,0.064666
31,0.061843
29,0.055718
29,0.04986
31,0.048904
31,0.04487
30,0.04185
27,0.040817
28,0.040843
33,0.040638
28,0.035483
28,0.029076
26,0.023593
29,0.02153
28,0.023414
33,0.022612
32,0.023723
30,0.024484
29,0.025995
32,0.027066
29,0.023159
31,0.017764
29,0.015134
32,0.014084
31,0.012718
30,0.010692
29,0.009603
29,0.009183
29,0.009251
