step,total_force_ry_bohr
83,0.290387
33,0.439388
30,0.143645
