step,total_force_ry_bohr
83,0.290387
33,0.439388
30,0.143645
27,0.095166
29,0.064283
28,0.049793
30,0.050611
28,0.054234
24,0.056261
28,0.05585
33,0.058758
28,0.052228
30,0.052102
29,0.045652
31,0.0401
27,0.04566
31,0.076004
25,0.064707
27,0.058971
29,0.062603
30,0.049286
31,0.09921
30,0.037228
28,0.027403
29,0.025946
28,0.027524
29,0.02925
31,0.029295
28,0.031058
27,0.027
29,0.028933
28,0.026475
29,0.027124
30,0.030974
29,0.036631
