step,total_force_ry_bohr
88,0.201894
26,0.124016
28,0.075652
