step,energy_ry
1,-8074.52679022
2,-8074.42558474
