step,energy_ry
1,-8074.52679022
2,-8074.42558474
3,-8074.61711188
4,-8074.62524543
5,-8074.62873955
6,-8074.63075796
7,-8074.63217426
8,-8074.63374073
9,-8074.63614193
10,-8074.63933333
11,-8074.64203579
12,-8074.64641377
13,-8074.64914249
14,-8074.65299263
15,-8074.65760769
16,-8074.660833
17,-8074.66270942
18,-8074.6649941
19,-8074.66635443
20,-8074.66705282
21,-8074.66748634
22,-8074.66797686
23,-8074.66843024
24,-8074.66881701
25,-8074.66906071
