step,energy_ry
1,-8074.52679022
2,-8074.42558474
3,-8074.61711188
4,-8074.62524543
5,-8074.62873955
6,-8074.63075796
7,-8074.63217426
