step,total_force_ry_bohr
1,0.709468
2,1.692955
3,0.1171
4,0.081952
5,0.040811
6,0.027731
7,0.036599
8,0.043214
9,0.049396
10,0.059415
11,0.090767
12,0.066204
13,0.058792
14,0.050384
15,0.046686
16,0.052139
17,0.046357
18,0.039405
19,0.028631
20,0.019479
21,0.018136
22,0.014398
23,0.011757
24,0.014153
