step,total_force_ry_bohr
1,0.709468
2,1.692955
3,0.1171
4,0.081952
