step,gradient_error_ry_bohr
1,0.07
2,0.044
3,0.021
4,0.0098
5,0.01
6,0.0096
7,0.0074
8,0.0058
9,0.0052
10,0.0046
11,0.0048
12,0.0035
13,0.0027
14,0.0029
15,0.0027
16,0.0023
17,0.0019
18,0.0023
19,0.0027
20,0.0027
21,0.0029
22,0.0031
23,0.0029
24,0.0035
25,0.004
26,0.0034
27,0.0035
28,0.0036
29,0.0043
30,0.0041
31,0.0035
32,0.0033
33,0.0026
34,0.0018
35,0.0012
36,0.0012
37,0.0012
38,0.0011
39,0.0013
40,0.0012
41,0.0012
42,0.0012
43,0.00096
44,0.00095
45,0.00078
46,0.0007
47,0.00058
48,0.00032
