step,energy_ry
81,-6580.85384018
36,-6580.86681694
35,-6580.87704407
