step,energy_ry
81,-6580.85384018
36,-6580.86681694
35,-6580.87704407
40,-6580.88912333
46,-6580.90346004
46,-6580.91690127
39,-6580.91976306
45,-6580.92268494
39,-6580.92321042
34,-6580.92356
