step,energy_ry
4,-6581.01305015
16,-6581.01307297
29,-6581.01310955
28,-6581.01315183
32,-6581.01320123
36,-6581.01325427
36,-6581.01331451
39,-6581.01341078
