step,energy_ry
4,-6581.01305015
16,-6581.01307297
29,-6581.01310955
28,-6581.01315183
