step,scf_accuracy_ry
1,1.151e-05
2,0.00256223
3,2.02e-06
4,2e-08
1,5.62e-05
2,0.00673474
3,0.0002289
4,9.83e-06
5,3.78e-06
6,7.42e-06
7,9.8e-07
8,9.9e-07
