step,scf_accuracy_ry
1,29.52698664
2,118.0458977
3,31.83429213
4,119.26611894
5,9.79013206
6,7.96242472
7,6.46382449
8,4.52190052
9,6.48947844
10,1.20899303
11,0.9140261
12,1.85120489
13,0.18674221
14,3.29293178
15,0.96855373
16,0.09524117
17,0.07147539
18,0.05694642
19,0.03608422
20,0.02501778
21,0.01507652
22,0.01423833
23,0.01411678
24,0.01610855
25,0.08062581
26,0.00369466
27,0.00345179
28,0.00287153
