step,total_force_ry_bohr
81,0.128302
36,0.103534
35,0.094296
40,0.089562
46,0.086952
46,0.076293
39,0.055279
45,0.023339
39,0.016705
