step,total_force_ry_bohr
81,0.128302
36,0.103534
35,0.094296
40,0.089562
46,0.086952
46,0.076293
39,0.055279
45,0.023339
39,0.016705
34,0.018042
38,0.019637
37,0.022114
37,0.024684
40,0.027292
50,0.029997
48,0.029991
46,0.025567
42,0.016941
37,0.015423
30,0.016391
35,0.016796
