step,total_force_ry_bohr
81,0.128302
36,0.103534
35,0.094296
40,0.089562
