step,total_force_ry_bohr
4,0.005755
16,0.005
29,0.004858
28,0.005086
