step,total_force_ry_bohr
4,0.005755
16,0.005
29,0.004858
28,0.005086
32,0.005515
36,0.006485
36,0.006882
39,0.008025
47,0.009179
39,0.009905
