step,energy_ry
4,-10372.43165331
11,-10372.43165969
28,-10372.43166556
