step,gradient_error_ry_bohr
4,0.00056
11,0.00058
28,0.00048
