step,scf_accuracy_ry
1,3.53e-06
2,7.43e-05
3,2.453e-05
4,7e-08
1,0.00047605
2,0.01856457
3,0.00168006
4,4.064e-05
5,8.3e-07
6,5.7e-07
7,5.3e-07
8,5.3e-07
9,5.7e-07
10,2.3e-07
11,1.1e-07
1,0.00039784
2,0.00437909
3,3.377e-05
4,2.149e-05
5,9.2e-07
6,7.9e-07
7,7.7e-07
8,6.1e-07
9,4e-07
10,1.8e-07
11,1.8e-07
12,1.2e-07
13,9e-08
14,6.3e-07
15,5e-08
16,4e-08
17,3e-08
18,3e-08
19,2e-08
20,2e-08
21,7.7e-09
22,7.2e-09
23,4.1e-09
24,1e-08
25,3e-08
