step,scf_accuracy_ry
1,3.53e-06
2,7.43e-05
3,2.453e-05
4,7e-08
1,0.00047605
2,0.01856457
3,0.00168006
4,4.064e-05
5,8.3e-07
6,5.7e-07
7,5.3e-07
