step,total_force_ry_bohr
4,0.002779
11,0.002417
28,0.001861
