step,energy_ry
1,-7418.41659321
2,-7418.43335903
3,-7418.44577986
4,-7418.45661496
5,-7418.46729463
6,-7418.47848757
7,-7418.48601036
8,-7418.49211202
9,-7418.49833416
