step,energy_ry
1,-7418.41659321
2,-7418.43335903
3,-7418.44577986
4,-7418.45661496
