step,energy_ry
1,-7418.39580611
2,-7418.40815446
3,-7418.42516529
4,-7418.43240595
5,-7418.43604762
6,-7418.43969594
7,-7418.44358447
8,-7418.44839782
9,-7418.45460948
