step,energy_ry
1,-10234.25889157
2,-10234.2697857
3,-10234.28237594
4,-10234.28894232
5,-10234.2953134
6,-10234.30314467
7,-10234.30874126
8,-10234.31333614
9,-10234.31862707
10,-10234.32403116
11,-10234.32909819
12,-10234.33202718
13,-10234.3343261
14,-10234.33638526
15,-10234.33887956
16,-10234.34096952
17,-10234.34319803
18,-10234.34537881
19,-10234.34757807
20,-10234.34906877
21,-10234.35058759
22,-10234.3524826
23,-10234.35451817
24,-10234.35658408
