step,energy_ry
1,-7418.39580611
2,-7418.40815509
3,-7418.42517071
