step,energy_ry
1,-10234.25889157
2,-10234.2697857
3,-10234.28237594
4,-10234.28894232
5,-10234.2953134
6,-10234.30314467
7,-10234.30874126
8,-10234.31333614
9,-10234.31862707
10,-10234.32403116
11,-10234.32909819
12,-10234.33202718
