step,energy_ry
1,-7418.39580611
2,-7418.40815466
3,-7418.42516784
4,-7418.43240212
5,-7418.43604692
6,-7418.4397137
7,-7418.44361122
8,-7418.44843555
9,-7418.45465843
10,-7418.46182907
11,-7418.46629101
12,-7418.47133323
13,-7418.47588334
