step,energy_ry
1,-7418.3958061
2,-7418.40815669
3,-7418.42516886
