step,energy_ry
1,-7418.39580611
2,-7418.40815446
3,-7418.42516529
4,-7418.43240595
