step,energy_ry
1,-7418.39580611
2,-7418.40815509
3,-7418.42517071
4,-7418.43239339
5,-7418.43603593
6,-7418.43970515
7,-7418.44360513
8,-7418.44843003
9,-7418.45465233
10,-7418.46182096
11,-7418.46627465
12,-7418.47132815
13,-7418.47589128
14,-7418.48121319
15,-7418.4872287
16,-7418.49293236
17,-7418.49554607
18,-7418.49710651
19,-7418.49956736
20,-7418.50073703
21,-7418.50125048
22,-7418.50179717
23,-7418.50225591
24,-7418.50258498
25,-7418.50281525
26,-7418.50306029
27,-7418.50334242
