step,energy_ry
1,-7418.39580611
2,-7418.40815509
3,-7418.42517071
4,-7418.43239339
5,-7418.43603593
6,-7418.43970515
7,-7418.44360513
8,-7418.44843003
9,-7418.45465233
10,-7418.46182096
11,-7418.46627465
12,-7418.47132815
13,-7418.47589128
