step,energy_ry
1,-7418.39580611
2,-7418.40815466
3,-7418.42516784
