step,energy_ry
1,-7418.39580611
2,-7418.40815509
3,-7418.42517071
4,-7418.43239339
5,-7418.43603593
