step,energy_ry
1,-7418.41659321
2,-7418.43335903
