step,total_force_ry_bohr
1,0.128734
2,0.104696
3,0.081418
4,0.075356
5,0.056157
