step,total_force_ry_bohr
1,0.128732
2,0.104673
3,0.081356
4,0.075242
5,0.056113
6,0.051463
7,0.056351
8,0.064102
9,0.074696
