step,total_force_ry_bohr
1,0.128749
2,0.104667
3,0.081314
4,0.075199
5,0.056121
6,0.051478
7,0.056364
8,0.064099
9,0.074678
10,0.091698
11,0.119009
12,0.085024
13,0.070714
14,0.060195
15,0.048335
16,0.044334
17,0.05104
18,0.043645
19,0.030511
