step,total_force_ry_bohr
1,0.128734
2,0.104696
3,0.081418
4,0.075356
5,0.056157
6,0.051485
7,0.056471
8,0.064277
9,0.074896
10,0.091965
11,0.119252
12,0.08485
13,0.070296
14,0.059817
15,0.047985
16,0.045132
17,0.050745
