step,total_force_ry_bohr
1,0.128738
2,0.104646
3,0.081321
4,0.075371
