step,total_force_ry_bohr
1,0.180055
2,0.111248
3,0.086104
4,0.077787
5,0.080405
6,0.09228
7,0.09482
8,0.072271
9,0.047971
10,0.049619
11,0.048144
12,0.045726
13,0.039945
14,0.037054
15,0.037419
16,0.049401
