step,total_force_ry_bohr
1,0.128749
2,0.104667
3,0.081314
4,0.075199
