step,total_force_ry_bohr
1,0.128732
2,0.104673
3,0.081356
4,0.075242
5,0.056113
6,0.051463
7,0.056351
8,0.064102
9,0.074696
10,0.091734
11,0.119015
12,0.085053
13,0.070772
14,0.060225
15,0.048339
16,0.044312
17,0.051039
