step,total_force_ry_bohr
1,0.128738
2,0.104646
3,0.081321
4,0.075371
5,0.056109
6,0.051437
7,0.056413
