step,total_force_ry_bohr
1,0.128738
2,0.104646
3,0.081321
4,0.075371
5,0.056109
6,0.051437
7,0.056413
8,0.064252
9,0.074885
10,0.091995
11,0.119326
12,0.084866
13,0.07027
14,0.059757
15,0.047938
16,0.045198
17,0.050704
