step,total_force_ry_bohr
1,0.180055
2,0.111248
3,0.086104
4,0.077787
5,0.080405
6,0.09228
7,0.09482
8,0.072271
