step,total_force_ry_bohr
1,0.128522
2,0.095197
3,0.071254
4,0.06806
5,0.07266
6,0.073477
7,0.064727
8,0.062718
9,0.060623
10,0.060471
11,0.050197
12,0.053879
13,0.045902
14,0.042017
15,0.037858
16,0.039828
17,0.042884
18,0.038858
