step,total_force_ry_bohr
1,0.128749
2,0.104667
3,0.081314
4,0.075199
5,0.056121
6,0.051478
7,0.056364
8,0.064099
9,0.074678
10,0.091698
11,0.119009
12,0.085024
13,0.070714
14,0.060195
15,0.048335
16,0.044334
17,0.05104
18,0.043645
19,0.030511
20,0.02523
21,0.0243
22,0.020263
23,0.016037
24,0.014927
25,0.014107
26,0.012747
27,0.010527
28,0.010571
29,0.01127
30,0.011336
31,0.010885
32,0.010523
33,0.009589
34,0.009327
35,0.008845
36,0.00843
37,0.008666
