step,total_force_ry_bohr
1,0.128749
2,0.104667
3,0.081314
4,0.075199
5,0.056121
6,0.051478
7,0.056364
