step,total_force_ry_bohr
1,0.128738
2,0.104646
3,0.081321
4,0.075371
5,0.056109
6,0.051437
7,0.056413
8,0.064252
9,0.074885
10,0.091995
11,0.119326
12,0.084866
13,0.07027
14,0.059757
15,0.047938
16,0.045198
17,0.050704
18,0.04325
19,0.029559
20,0.024418
21,0.022719
22,0.020794
23,0.016546
24,0.014846
25,0.013845
26,0.012415
