step,energy_ry
122,-7242.01124201
37,-7242.01237953
49,-7242.0131435
48,-7242.0136285
50,-7242.0137008
49,-7242.01378158
50,-7242.01385216
49,-7242.01388812
52,-7242.01391539
42,-7242.01393759
40,-7242.01395309
38,-7242.01396424
40,-7242.01397543
41,-7242.01398845
