step,gradient_error_ry_bohr
122,0.0081
37,0.0063
49,0.0045
48,0.0019
50,0.0015
49,0.0017
50,0.0013
49,0.001
52,0.0011
42,0.00084
40,0.00062
38,0.00076
40,0.00069
41,0.00049
