step,gradient_error_ry_bohr
1,0.0081
2,0.0063
3,0.0045
4,0.0019
5,0.0015
6,0.0017
7,0.0013
8,0.001
9,0.0011
10,0.00084
11,0.00062
12,0.00076
13,0.00069
14,0.00049
