step,energy_ry
1,-7384.72432732
2,-7384.73076308
