step,energy_ry
1,-7384.72432732
2,-7384.73076308
3,-7384.73549257
4,-7384.73813934
5,-7384.74118529
6,-7384.74304769
7,-7384.74425994
8,-7384.74509637
9,-7384.74568749
10,-7384.74615134
