step,energy_ry
1,-7384.72432732
2,-7384.73076308
3,-7384.73549257
4,-7384.73813934
5,-7384.74118529
