step,energy_ry
1,-7384.72432732
2,-7384.73076308
3,-7384.73549257
4,-7384.73813934
5,-7384.74118529
6,-7384.74304769
7,-7384.74425994
8,-7384.74509637
9,-7384.74568749
10,-7384.74615134
11,-7384.74665274
12,-7384.74712755
13,-7384.74772635
14,-7384.74839211
15,-7384.74889056
16,-7384.74943564
17,-7384.74989352
18,-7384.75031334
19,-7384.75074939
20,-7384.75118915
21,-7384.75156442
22,-7384.75186836
23,-7384.75214557
