step,total_force_ry_bohr
1,0.101672
2,0.066481
3,0.047681
4,0.04464
5,0.04055
6,0.031997
7,0.024906
8,0.022387
9,0.021423
10,0.018083
11,0.01783
12,0.018012
13,0.018061
14,0.018631
15,0.017829
16,0.016129
17,0.015379
18,0.015624
19,0.015865
20,0.015148
21,0.013741
22,0.012711
23,0.012458
