step,total_force_ry_bohr
1,0.101672
2,0.066481
3,0.047681
4,0.04464
