step,energy_ry
1,-8040.90422659
2,-8040.99773905
3,-8041.04888315
4,-8041.06128996
5,-8041.06476874
6,-8041.06870893
7,-8041.07357821
8,-8041.07580772
9,-8041.07702717
10,-8041.07818425
11,-8041.07945053
12,-8041.08025969
