step,energy_ry
1,-8040.90422659
2,-8040.99773905
