step,total_force_ry_bohr
1,0.344887
2,0.202945
3,0.085075
4,0.051184
5,0.04862
6,0.043438
7,0.03407
8,0.02896
9,0.02607
10,0.023555
11,0.021423
12,0.019263
13,0.016631
14,0.014872
15,0.014176
16,0.014018
17,0.013612
18,0.012995
19,0.012669
20,0.013166
21,0.014351
22,0.015635
23,0.015965
24,0.015301
25,0.01448
26,0.014082
27,0.01348
28,0.012058
