step,total_force_ry_bohr
1,0.344887
2,0.202945
3,0.085075
