step,total_force_ry_bohr
1,0.344887
2,0.202945
3,0.085075
4,0.051184
5,0.04862
6,0.043438
7,0.03407
8,0.02896
