step,energy_ry
1,-142.53782084
2,-142.55186217
3,-142.55275873
4,-142.55346388
5,-142.55379159
6,-142.55398143
