step,energy_ry
1,-142.53782084
2,-142.55186217
3,-142.55275873
4,-142.55346388
5,-142.55379159
6,-142.55398143
7,-142.55416674
8,-142.55439682
9,-142.55464081
10,-142.55485682
11,-142.55502497
12,-142.55529504
13,-142.55562165
14,-142.55584809
15,-142.55606031
16,-142.55620425
17,-142.55636451
18,-142.55652067
19,-142.55668625
20,-142.55677644
