step,total_force_ry_bohr
1,0.159054
2,0.035312
3,0.021927
4,0.018982
5,0.01516
6,0.011567
