step,total_force_ry_bohr
1,0.159054
2,0.035312
3,0.021927
4,0.018982
5,0.01516
6,0.011567
7,0.010298
8,0.010122
9,0.010483
10,0.012841
11,0.012275
12,0.011881
13,0.013086
14,0.012323
15,0.009953
16,0.01114
17,0.010442
18,0.011096
19,0.007992
20,0.005681
21,0.005121
22,0.004693
23,0.004322
24,0.003576
25,0.003392
26,0.00385
27,0.004083
28,0.004449
29,0.004847
30,0.005681
31,0.007328
32,0.007346
33,0.006741
34,0.00482
35,0.005533
