step,energy_ry
3,-11738.29217447
11,-11738.29219944
23,-11738.29222184
