step,energy_ry
3,-11738.29217447
11,-11738.29219944
23,-11738.29222184
23,-11738.29224684
28,-11738.29227284
