step,gradient_error_ry_bohr
3,0.00099
11,0.0011
23,0.00097
