step,gradient_error_ry_bohr
3,0.00099
11,0.0011
23,0.00097
23,0.0015
28,0.0013
28,0.0022
29,0.0011
27,0.00096
30,0.00074
29,0.00075
28,0.00072
32,0.00094
32,0.00096
30,0.0011
30,0.00096
29,0.00085
29,0.00072
30,0.00085
30,0.00099
30,0.00077
31,0.00077
31,0.00074
32,0.00075
27,0.00074
29,0.00068
33,0.00056
