step,scf_accuracy_ry
1,9.1e-07
2,8.61e-06
3,1.6e-07
1,0.000884
2,0.00833392
3,0.00015803
4,2.34e-06
5,1.38e-06
6,1.3e-06
7,1.32e-06
8,7.9e-07
9,4.5e-07
10,2.2e-07
11,1.2e-07
1,1.191e-05
2,6.682e-05
3,5.08e-06
4,1.75e-06
5,1.43e-06
6,2.58e-06
7,4.3e-07
8,2.4e-07
9,2.8e-07
