step,scf_accuracy_ry
1,9.1e-07
2,8.61e-06
3,1.6e-07
1,0.000884
2,0.00833392
3,0.00015803
4,2.34e-06
5,1.38e-06
6,1.3e-06
7,1.32e-06
