step,total_force_ry_bohr
3,0.005322
11,0.004536
23,0.00368
23,0.003406
28,0.003487
28,0.003996
29,0.003997
