step,total_force_ry_bohr
3,0.005322
11,0.004536
23,0.00368
