step,total_force_ry_bohr
3,0.005322
11,0.004536
23,0.00368
23,0.003406
28,0.003487
28,0.003996
29,0.003997
27,0.003869
30,0.003584
29,0.003898
28,0.003951
32,0.003926
