step,total_force_ry_bohr
3,0.005322
11,0.004536
23,0.00368
23,0.003406
28,0.003487
28,0.003996
29,0.003997
27,0.003869
30,0.003584
29,0.003898
28,0.003951
32,0.003926
32,0.003988
30,0.003901
30,0.003901
29,0.003977
29,0.003803
30,0.003639
30,0.003588
30,0.003434
31,0.003219
31,0.00309
32,0.003007
27,0.002986
29,0.002941
33,0.002948
29,0.003105
29,0.003239
29,0.003023
33,0.002808
