step,total_force_ry_bohr
16,0.009071
10,0.007879
13,0.000267
