step,energy_ry
1,-8185.04959447
2,-8185.04960472
3,-8185.04961334
4,-8185.04962329
5,-8185.04963467
6,-8185.04964708
7,-8185.04966027
8,-8185.04967468
