step,energy_ry
1,-8185.00226298
2,-8185.01844101
3,-8185.0267428
4,-8185.02917536
5,-8185.03096438
6,-8185.03317571
7,-8185.0348128
8,-8185.03653296
9,-8185.03818449
10,-8185.03955917
11,-8185.04063011
12,-8185.04172677
13,-8185.04269251
14,-8185.04340459
15,-8185.04384017
16,-8185.04415647
17,-8185.04455026
