step,energy_ry
1,-8185.04959447
2,-8185.04960472
3,-8185.04961334
4,-8185.04962329
5,-8185.04963467
6,-8185.04964708
7,-8185.04966027
8,-8185.04967468
9,-8185.04969828
10,-8185.04973138
11,-8185.04976215
12,-8185.04978726
13,-8185.04981056
14,-8185.04983508
15,-8185.04985498
16,-8185.04987214
