step,energy_ry
1,-8185.04959447
2,-8185.04960472
