step,energy_ry
1,-8185.00226298
2,-8185.01844101
