step,energy_ry
1,-8185.00226298
2,-8185.01844101
3,-8185.0267428
4,-8185.02917536
5,-8185.03096438
6,-8185.03317571
7,-8185.0348128
8,-8185.03653296
