step,gradient_error_ry_bohr
1,0.00099
2,0.00081
3,0.0007
4,0.00058
5,0.0007
6,0.00095
7,0.0011
8,0.0011
9,0.0013
