step,gradient_error_ry_bohr
1,0.00099
2,0.00081
3,0.0007
4,0.00058
5,0.0007
6,0.00095
7,0.0011
8,0.0011
9,0.0013
10,0.0016
11,0.0014
12,0.0015
13,0.0013
14,0.00093
15,0.0013
16,0.0014
17,0.0012
18,0.0011
19,0.001
20,0.0013
21,0.0013
22,0.0012
