step,total_force_ry_bohr
1,0.160078
2,0.088308
3,0.049379
4,0.03913
5,0.035116
6,0.032271
7,0.031425
8,0.031981
9,0.03358
10,0.029868
11,0.024717
12,0.024371
13,0.022522
