step,total_force_ry_bohr
1,0.160077
2,0.088265
3,0.049345
4,0.039136
