step,total_force_ry_bohr
1,0.160078
2,0.088308
3,0.049379
4,0.03913
5,0.035116
6,0.032271
7,0.031425
8,0.031981
9,0.03358
10,0.029868
11,0.024717
12,0.024371
13,0.022522
14,0.019735
15,0.015979
16,0.014566
17,0.014329
18,0.013421
19,0.012979
20,0.013398
21,0.01468
22,0.015433
23,0.015868
24,0.01524
25,0.013863
26,0.012278
27,0.01077
28,0.009296
