step,total_force_ry_bohr
1,0.0034
2,0.002755
3,0.002311
4,0.002041
5,0.002049
6,0.002527
7,0.003277
