step,total_force_ry_bohr
1,0.0034
2,0.002755
3,0.002311
4,0.002041
5,0.002049
6,0.002527
7,0.003277
8,0.003781
9,0.003894
10,0.003863
11,0.00409
12,0.004362
13,0.003885
14,0.003183
15,0.003218
16,0.003604
17,0.003833
18,0.003909
19,0.00398
