step,total_force_ry_bohr
1,0.160078
2,0.088308
3,0.049379
