step,total_force_ry_bohr
1,0.0034
2,0.002755
3,0.002311
4,0.002041
5,0.002049
6,0.002527
7,0.003277
8,0.003781
9,0.003894
10,0.003863
11,0.00409
12,0.004362
13,0.003885
14,0.003183
15,0.003218
16,0.003604
17,0.003833
18,0.003909
19,0.00398
20,0.004118
21,0.004092
22,0.003884
23,0.003647
24,0.003655
25,0.003551
26,0.003481
27,0.003635
28,0.004054
29,0.004353
30,0.004411
31,0.004551
