step,total_force_ry_bohr
1,0.0034
2,0.002755
3,0.002311
