step,energy_ry
1,-8039.89297508
2,-8039.89399341
