step,energy_ry
1,-8040.63859244
2,-8040.73318134
