step,energy_ry
1,-8038.63344423
2,-8038.72432355
