step,energy_ry
1,-8039.32494052
2,-8039.36330848
