step,energy_ry
1,-8038.63344423
2,-8038.72432355
3,-8038.77531357
4,-8038.79101415
5,-8038.79673114
