step,energy_ry
1,-8040.63859244
2,-8040.73318134
3,-8040.7855559
4,-8040.79906074
5,-8040.80293685
6,-8040.80724989
7,-8040.81251974
8,-8040.8149859
