step,energy_ry
1,-8039.89297508
2,-8039.89399341
3,-8039.89510205
4,-8039.89674522
5,-8039.89916691
6,-8039.90270919
7,-8039.90781463
8,-8039.91496886
9,-8039.92434549
10,-8039.93455951
11,-8039.93849172
12,-8039.93916266
