step,energy_ry
1,-8039.33998809
2,-8039.38095551
3,-8039.42052861
4,-8039.47118797
5,-8039.53107577
