step,energy_ry
1,-8039.89297508
2,-8039.89423603
3,-8039.89560959
4,-8039.89764444
5,-8039.90064638
6,-8039.90504576
7,-8039.91141473
8,-8039.92041787
9,-8039.93250865
10,-8039.94678977
11,-8039.95679415
12,-8039.95758928
13,-8039.95956766
14,-8039.96255921
15,-8039.96610696
16,-8039.96829469
17,-8039.96974369
18,-8039.9719739
19,-8039.97522565
20,-8039.97980711
