step,energy_ry
1,-8038.63344423
2,-8038.72432355
3,-8038.77531357
4,-8038.79101415
5,-8038.79673114
6,-8038.80360557
7,-8038.8131982
8,-8038.82205112
9,-8038.82526032
10,-8038.8287168
11,-8038.83278171
