step,energy_ry
1,-8040.63859244
2,-8040.73318134
3,-8040.7855559
4,-8040.79906074
5,-8040.80293685
6,-8040.80724989
7,-8040.81251974
8,-8040.8149859
9,-8040.81608169
10,-8040.81704474
11,-8040.81809459
12,-8040.81879082
13,-8040.81917343
14,-8040.81952101
15,-8040.81976584
16,-8040.82002968
17,-8040.82026282
18,-8040.82049336
