step,energy_ry
1,-8039.33998809
2,-8039.38095551
3,-8039.42052861
4,-8039.47118797
5,-8039.53107577
6,-8039.59426753
7,-8039.65258469
8,-8039.69114775
9,-8039.73636446
10,-8039.80163947
11,-8039.84830485
12,-8039.88598647
