step,energy_ry
1,-8039.89297508
2,-8039.89399341
3,-8039.89510205
4,-8039.89674522
5,-8039.89916686
6,-8039.90270901
7,-8039.90781451
