step,energy_ry
1,-8039.89297506
2,-8039.89423643
3,-8039.89561203
4,-8039.89765594
5,-8039.90068522
6,-8039.90515524
7,-8039.91169123
8,-8039.9210549
9,-8039.93384086
10,-8039.94916885
11,-8039.95924351
12,-8039.95981286
13,-8039.96030427
14,-8039.96100692
15,-8039.96190944
16,-8039.96316474
