step,energy_ry
1,-8038.63344423
2,-8038.72432355
3,-8038.77531357
4,-8038.79101415
5,-8038.79673114
6,-8038.80360557
7,-8038.8131982
8,-8038.82205112
9,-8038.82526032
10,-8038.8287168
11,-8038.83278171
12,-8038.83665794
13,-8038.84081356
14,-8038.84527424
15,-8038.84804772
16,-8038.85071227
17,-8038.85422159
18,-8038.85684612
19,-8038.85920725
20,-8038.86092902
21,-8038.86233891
22,-8038.86334041
23,-8038.86423739
24,-8038.86493095
25,-8038.86547816
26,-8038.86583994
27,-8038.86611639
