step,energy_ry
1,-8039.33480204
2,-8039.38229186
3,-8039.42768382
4,-8039.48605312
5,-8039.55540544
