step,energy_ry
1,-8039.32494052
2,-8039.36330848
3,-8039.4000223
4,-8039.44721995
5,-8039.50286348
