step,energy_ry
1,-8039.89297506
2,-8039.89423643
