step,energy_ry
1,-8039.33998809
2,-8039.38095551
3,-8039.42052861
