step,energy_ry
1,-8039.89297508
2,-8039.89399341
3,-8039.89510205
4,-8039.8967452
5,-8039.89916684
6,-8039.90270923
7,-8039.90781363
8,-8039.91496568
9,-8039.92434116
10,-8039.93454993
