step,energy_ry
1,-8039.89297506
2,-8039.89423643
3,-8039.89561203
4,-8039.89765594
5,-8039.90068522
6,-8039.90515524
7,-8039.91169123
8,-8039.9210549
9,-8039.93384086
