step,energy_ry
1,-8039.32494052
2,-8039.37261247
3,-8039.41820829
4,-8039.4768698
5,-8039.54635376
6,-8039.61841977
7,-8039.67590545
