step,total_force_ry_bohr
1,0.339686
2,0.201923
3,0.091822
4,0.061933
5,0.062553
6,0.061041
7,0.054843
8,0.047037
9,0.041681
10,0.038989
11,0.043024
