step,total_force_ry_bohr
1,0.032
2,0.031437
3,0.031131
4,0.030936
5,0.030435
6,0.029627
7,0.028838
8,0.027784
