step,total_force_ry_bohr
1,0.032
2,0.031437
3,0.031127
4,0.030943
5,0.030339
6,0.029571
7,0.028728
8,0.028212
9,0.026461
10,0.023216
11,0.016282
12,0.017042
13,0.016053
14,0.014908
15,0.012957
16,0.009555
17,0.003761
