step,total_force_ry_bohr
1,0.339686
2,0.201923
3,0.091822
4,0.061933
5,0.062553
6,0.061041
7,0.054843
8,0.047037
9,0.041681
10,0.038989
11,0.043024
12,0.045526
13,0.043807
14,0.039971
15,0.036842
16,0.036232
17,0.036697
18,0.035558
19,0.031102
20,0.026044
21,0.023109
