step,total_force_ry_bohr
1,0.230819
2,0.188977
3,0.163302
4,0.137615
