step,total_force_ry_bohr
1,0.206199
2,0.170582
3,0.147118
4,0.124532
5,0.103568
