step,total_force_ry_bohr
1,0.346613
2,0.2049
3,0.088119
4,0.053994
5,0.051463
6,0.045917
7,0.035037
8,0.028275
