step,total_force_ry_bohr
1,0.346613
2,0.2049
3,0.088119
4,0.053994
5,0.051463
6,0.045917
7,0.035037
8,0.028275
9,0.024925
10,0.021936
11,0.018735
12,0.016384
13,0.01384
14,0.011766
15,0.011202
16,0.011369
17,0.011275
18,0.010723
19,0.010131
20,0.010184
21,0.010858
22,0.012047
23,0.013141
24,0.013929
25,0.015333
26,0.016561
27,0.017218
28,0.017866
29,0.017808
30,0.016424
31,0.01401
