step,total_force_ry_bohr
1,0.032
2,0.031434
3,0.03113
4,0.030942
