step,total_force_ry_bohr
1,0.21109
2,0.181139
3,0.158117
4,0.133544
5,0.115583
6,0.118896
7,0.144977
8,0.154403
9,0.149187
10,0.125004
11,0.097437
12,0.074945
13,0.054278
14,0.036813
15,0.02512
16,0.02226
17,0.027086
18,0.030252
19,0.032433
20,0.0346
21,0.037275
22,0.043466
23,0.043247
24,0.043426
25,0.046395
26,0.051133
