step,total_force_ry_bohr
1,0.032
2,0.031437
3,0.031127
4,0.030943
5,0.030339
6,0.029571
