step,total_force_ry_bohr
1,0.334713
2,0.198984
3,0.086526
4,0.053523
5,0.052471
6,0.050436
7,0.042999
8,0.035637
9,0.030927
10,0.027609
11,0.027654
12,0.027359
13,0.0249
14,0.022301
15,0.020976
16,0.020915
17,0.020861
18,0.020725
19,0.018644
20,0.017393
21,0.01765
22,0.018243
23,0.017331
24,0.015116
25,0.013417
26,0.012836
27,0.012421
28,0.011414
29,0.010036
30,0.009279
31,0.007991
32,0.006597
33,0.005576
34,0.004972
35,0.004797
36,0.004987
