step,total_force_ry_bohr
1,0.230819
2,0.188977
3,0.163302
4,0.137615
5,0.117613
6,0.112672
7,0.126888
8,0.135842
9,0.139502
10,0.13426
