step,total_force_ry_bohr
1,0.032
2,0.031434
3,0.03113
4,0.030942
5,0.030468
6,0.029663
7,0.028823
8,0.02791
