step,total_force_ry_bohr
1,0.230819
2,0.188977
3,0.163302
4,0.137615
5,0.117613
6,0.112672
7,0.126888
8,0.135842
9,0.139502
10,0.13426
11,0.112672
12,0.088316
13,0.067187
14,0.067907
15,0.059644
16,0.04111
17,0.029736
18,0.028967
19,0.033228
20,0.038755
21,0.041912
