step,total_force_ry_bohr
1,0.032
2,0.031437
3,0.031131
