step,total_force_ry_bohr
1,0.035602
2,0.03516
3,0.034861
4,0.034456
5,0.033787
6,0.033285
7,0.03254
8,0.032187
9,0.03165
10,0.03092
11,0.029917
12,0.02888
13,0.025843
14,0.022443
15,0.024508
16,0.032247
17,0.035027
18,0.036797
19,0.038339
20,0.040261
21,0.04337
