step,total_force_ry_bohr
1,0.03559
2,0.035233
3,0.034988
4,0.034639
5,0.034309
6,0.034227
7,0.033703
8,0.033651
9,0.032679
10,0.02962
11,0.025572
