step,total_force_ry_bohr
1,0.03559
2,0.035233
3,0.034988
