step,total_force_ry_bohr
1,0.206199
2,0.170582
3,0.147118
4,0.124532
5,0.103568
6,0.095507
7,0.105227
8,0.112243
9,0.115886
10,0.115393
11,0.101619
12,0.077047
13,0.054604
14,0.056709
