step,total_force_ry_bohr
1,0.23045
2,0.18854
3,0.163352
4,0.138302
5,0.118612
6,0.11379
