step,total_force_ry_bohr
1,0.21109
2,0.181139
3,0.158117
4,0.133544
5,0.115583
