step,total_force_ry_bohr
1,0.346613
2,0.2049
3,0.088119
4,0.053994
