step,total_force_ry_bohr
1,0.230819
2,0.188977
3,0.163302
4,0.137615
5,0.117613
6,0.112672
7,0.126888
8,0.135842
9,0.139502
10,0.13426
11,0.112672
12,0.088316
13,0.067187
14,0.067907
15,0.059644
16,0.04111
17,0.029736
18,0.028967
19,0.033228
20,0.038755
21,0.041912
22,0.040722
23,0.038763
24,0.04713
25,0.061046
26,0.072526
27,0.075415
28,0.068964
29,0.061236
30,0.067031
31,0.065212
32,0.05758
33,0.053364
34,0.053677
35,0.066905
36,0.095696
