step,total_force_ry_bohr
1,0.03559
2,0.035233
3,0.034988
4,0.034639
5,0.034309
6,0.034227
7,0.033703
8,0.033651
9,0.032679
10,0.02962
11,0.025572
12,0.023329
13,0.021946
14,0.020568
15,0.019655
16,0.01982
17,0.022569
18,0.028576
19,0.038224
20,0.051922
21,0.068966
22,0.076804
23,0.074896
